[
{
    "model": "sites.site",
    "pk": 23,
    "fields": {
        "name": "CNN",
        "slug": "cnn",
        "url": "cnn.com",
        "added": "2016-09-21T22:02:59.744Z"
    }
},
{
    "model": "sites.site",
    "pk": 24,
    "fields": {
        "name": "Salon",
        "slug": "salon",
        "url": "salon.com",
        "added": "2016-09-21T22:02:59.751Z"
    }
},
{
    "model": "sites.site",
    "pk": 25,
    "fields": {
        "name": "Financial Times",
        "slug": "financial-times",
        "url": "ft.com",
        "added": "2016-09-21T22:02:59.757Z"
    }
},
{
    "model": "sites.site",
    "pk": 26,
    "fields": {
        "name": "Le Monde",
        "slug": "le-monde",
        "url": "lemonde.fr",
        "added": "2016-09-21T22:02:59.763Z"
    }
},
{
    "model": "sites.site",
    "pk": 27,
    "fields": {
        "name": "Daily Mail",
        "slug": "daily-mail",
        "url": "daliymail.co.uk",
        "added": "2016-09-21T22:02:59.768Z"
    }
},
{
    "model": "sites.site",
    "pk": 28,
    "fields": {
        "name": "NJ Star-Ledger",
        "slug": "nj-star-ledger",
        "url": "nj.com",
        "added": "2016-09-21T22:02:59.775Z"
    }
},
{
    "model": "sites.site",
    "pk": 29,
    "fields": {
        "name": "Baltimore Sun",
        "slug": "baltimore-sun",
        "url": "baltimoresun.com",
        "added": "2016-09-21T22:02:59.783Z"
    }
},
{
    "model": "sites.site",
    "pk": 30,
    "fields": {
        "name": "San Francisco Chronicle",
        "slug": "san-francisco-chronicle",
        "url": "sfgate.com",
        "added": "2016-09-21T22:02:59.792Z"
    }
},
{
    "model": "sites.site",
    "pk": 31,
    "fields": {
        "name": "BuzzFeed",
        "slug": "buzzfeed",
        "url": "buzzfeed.com",
        "added": "2016-09-21T22:02:59.802Z"
    }
},
{
    "model": "sites.site",
    "pk": 32,
    "fields": {
        "name": "Gawker",
        "slug": "gawker",
        "url": "gawker.com",
        "added": "2016-09-21T22:02:59.811Z"
    }
},
{
    "model": "sites.site",
    "pk": 33,
    "fields": {
        "name": "Time",
        "slug": "time",
        "url": "time.com",
        "added": "2016-09-21T22:02:59.820Z"
    }
},
{
    "model": "sites.site",
    "pk": 34,
    "fields": {
        "name": "Wired",
        "slug": "wired",
        "url": "wired.com",
        "added": "2016-09-21T22:02:59.828Z"
    }
},
{
    "model": "sites.site",
    "pk": 35,
    "fields": {
        "name": "Vice",
        "slug": "vice",
        "url": "vice.com",
        "added": "2016-09-21T22:02:59.833Z"
    }
},
{
    "model": "sites.site",
    "pk": 36,
    "fields": {
        "name": "Toronto Star",
        "slug": "toronto-star",
        "url": "thestar.com",
        "added": "2016-09-21T22:02:59.839Z"
    }
},
{
    "model": "sites.site",
    "pk": 37,
    "fields": {
        "name": "Philadelphia Inquirer",
        "slug": "philadelphia-inquirer",
        "url": "philly.com",
        "added": "2016-09-21T22:02:59.847Z"
    }
},
{
    "model": "sites.site",
    "pk": 38,
    "fields": {
        "name": "Hartford Courant",
        "slug": "hartford-courant",
        "url": "courant.com",
        "added": "2016-09-21T22:02:59.853Z"
    }
},
{
    "model": "sites.site",
    "pk": 39,
    "fields": {
        "name": "Wall Street Journal",
        "slug": "wall-street-journal",
        "url": "wsj.com",
        "added": "2016-09-21T22:02:59.861Z"
    }
},
{
    "model": "sites.site",
    "pk": 40,
    "fields": {
        "name": "St. Louis Post-Dispatch",
        "slug": "st-louis-post-dispatch",
        "url": "stltoday.com",
        "added": "2016-09-21T22:02:59.866Z"
    }
},
{
    "model": "sites.site",
    "pk": 41,
    "fields": {
        "name": "NBC News",
        "slug": "nbc-news",
        "url": "nbcnews.com",
        "added": "2016-09-21T22:02:59.871Z"
    }
},
{
    "model": "sites.site",
    "pk": 42,
    "fields": {
        "name": "Reuters",
        "slug": "reuters",
        "url": "reuters.com",
        "added": "2016-09-21T22:02:59.879Z"
    }
},
{
    "model": "sites.site",
    "pk": 43,
    "fields": {
        "name": "The Atlantic",
        "slug": "the-atlantic",
        "url": "theatlantic.com",
        "added": "2016-09-21T22:02:59.887Z"
    }
},
{
    "model": "sites.site",
    "pk": 44,
    "fields": {
        "name": "The Sun",
        "slug": "the-sun",
        "url": "thesun.co.uk",
        "added": "2016-09-21T22:02:59.900Z"
    }
},
{
    "model": "sites.site",
    "pk": 45,
    "fields": {
        "name": "The Guardian",
        "slug": "the-guardian",
        "url": "theguardian.com",
        "added": "2016-09-21T22:02:59.905Z"
    }
},
{
    "model": "sites.site",
    "pk": 46,
    "fields": {
        "name": "Associated Press",
        "slug": "associated-press",
        "url": "ap.org",
        "added": "2016-09-21T22:02:59.911Z"
    }
},
{
    "model": "sites.site",
    "pk": 47,
    "fields": {
        "name": "NY Daily News",
        "slug": "ny-daily-news",
        "url": "nydailynews.com",
        "added": "2016-09-21T22:02:59.918Z"
    }
},
{
    "model": "sites.site",
    "pk": 48,
    "fields": {
        "name": "The Globe and Mail",
        "slug": "the-globe-and-mail",
        "url": "theglobeandmail.com",
        "added": "2016-09-21T22:02:59.926Z"
    }
},
{
    "model": "sites.site",
    "pk": 49,
    "fields": {
        "name": "LA Times",
        "slug": "la-times",
        "url": "latimes.com",
        "added": "2016-09-21T22:02:59.930Z"
    }
},
{
    "model": "sites.site",
    "pk": 50,
    "fields": {
        "name": "Chicago Sun-Times",
        "slug": "chicago-sun-times",
        "url": "suntimes.com",
        "added": "2016-09-21T22:02:59.938Z"
    }
},
{
    "model": "sites.site",
    "pk": 51,
    "fields": {
        "name": "Slate",
        "slug": "slate",
        "url": "slate.com",
        "added": "2016-09-21T22:02:59.945Z"
    }
},
{
    "model": "sites.site",
    "pk": 52,
    "fields": {
        "name": "L'Express",
        "slug": "lexpress",
        "url": "lexpress.fr",
        "added": "2016-09-21T22:02:59.950Z"
    }
},
{
    "model": "sites.site",
    "pk": 53,
    "fields": {
        "name": "NY Post",
        "slug": "ny-post",
        "url": "nypost.com",
        "added": "2016-09-21T22:02:59.954Z"
    }
},
{
    "model": "sites.site",
    "pk": 54,
    "fields": {
        "name": "Al Jazeera",
        "slug": "al-jazeera",
        "url": "aljazeera.com",
        "added": "2016-09-21T22:02:59.959Z"
    }
},
{
    "model": "sites.site",
    "pk": 55,
    "fields": {
        "name": "Boston Herald",
        "slug": "boston-herald",
        "url": "bostonherald.com",
        "added": "2016-09-21T22:02:59.965Z"
    }
},
{
    "model": "sites.site",
    "pk": 56,
    "fields": {
        "name": "Forbes",
        "slug": "forbes",
        "url": "forbes.com",
        "added": "2016-09-21T22:02:59.974Z"
    }
},
{
    "model": "sites.site",
    "pk": 57,
    "fields": {
        "name": "Minneapolis Star Tribune",
        "slug": "minneapolis-star-tribune",
        "url": "startribune.com",
        "added": "2016-09-21T22:02:59.980Z"
    }
},
{
    "model": "sites.site",
    "pk": 58,
    "fields": {
        "name": "USA Today",
        "slug": "usa-today",
        "url": "usatoday.com",
        "added": "2016-09-21T22:02:59.984Z"
    }
},
{
    "model": "sites.site",
    "pk": 59,
    "fields": {
        "name": "Fox News",
        "slug": "fox-news",
        "url": "foxnews.com",
        "added": "2016-09-21T22:02:59.992Z"
    }
},
{
    "model": "sites.site",
    "pk": 60,
    "fields": {
        "name": "TechCrunch",
        "slug": "techcrunch",
        "url": "techcrunch.com",
        "added": "2016-09-21T22:02:59.998Z"
    }
},
{
    "model": "sites.site",
    "pk": 61,
    "fields": {
        "name": "CNBC",
        "slug": "cnbc",
        "url": "cnbc.com",
        "added": "2016-09-21T22:03:00.003Z"
    }
},
{
    "model": "sites.site",
    "pk": 62,
    "fields": {
        "name": "Washington Post",
        "slug": "washington-post",
        "url": "washingtonpost.com",
        "added": "2016-09-21T22:03:00.008Z"
    }
},
{
    "model": "sites.site",
    "pk": 63,
    "fields": {
        "name": "ABC News",
        "slug": "abc-news",
        "url": "abcnews.com",
        "added": "2016-09-21T22:03:00.012Z"
    }
},
{
    "model": "sites.site",
    "pk": 64,
    "fields": {
        "name": "FAZ",
        "slug": "faz",
        "url": "faz.net",
        "added": "2016-09-21T22:03:00.018Z"
    }
},
{
    "model": "sites.site",
    "pk": 65,
    "fields": {
        "name": "Die Zeit",
        "slug": "die-zeit",
        "url": "zeit.de",
        "added": "2016-09-21T22:03:00.029Z"
    }
},
{
    "model": "sites.site",
    "pk": 66,
    "fields": {
        "name": "Huffington Post",
        "slug": "huffington-post",
        "url": "huffingtonpost.com",
        "added": "2016-09-21T22:03:00.033Z"
    }
},
{
    "model": "sites.site",
    "pk": 67,
    "fields": {
        "name": "Boston Globe",
        "slug": "boston-globe",
        "url": "bostonglobe.com",
        "added": "2016-09-21T22:03:00.040Z"
    }
},
{
    "model": "sites.site",
    "pk": 68,
    "fields": {
        "name": "Atlanta Journal-Constitution",
        "slug": "atlanta-journal-constitution",
        "url": "ajc.com",
        "added": "2016-09-21T22:03:00.048Z"
    }
},
{
    "model": "sites.site",
    "pk": 69,
    "fields": {
        "name": "Businessweek",
        "slug": "businessweek",
        "url": "bloomberg.com",
        "added": "2016-09-21T22:03:00.054Z"
    }
},
{
    "model": "sites.site",
    "pk": 70,
    "fields": {
        "name": "New York Times",
        "slug": "new-york-times",
        "url": "nytimes.com",
        "added": "2016-09-21T22:03:00.059Z"
    }
},
{
    "model": "sites.site",
    "pk": 71,
    "fields": {
        "name": "The Intercept",
        "slug": "the-intercept",
        "url": "theintercept.com",
        "added": "2016-09-21T22:03:00.064Z"
    }
},
{
    "model": "sites.site",
    "pk": 72,
    "fields": {
        "name": "CBC",
        "slug": "cbc",
        "url": "cbc.ca",
        "added": "2016-09-21T22:03:00.069Z"
    }
},
{
    "model": "sites.site",
    "pk": 73,
    "fields": {
        "name": "Dallas Morning News",
        "slug": "dallas-morning-news",
        "url": "dallasnews.com",
        "added": "2016-09-21T22:03:00.079Z"
    }
},
{
    "model": "sites.site",
    "pk": 74,
    "fields": {
        "name": "Daily Mirror",
        "slug": "daily-mirror",
        "url": "mirror.co.uk",
        "added": "2016-09-21T22:03:00.083Z"
    }
},
{
    "model": "sites.site",
    "pk": 75,
    "fields": {
        "name": "ProPublica",
        "slug": "propublica",
        "url": "propublica.org",
        "added": "2016-09-21T22:03:00.089Z"
    }
},
{
    "model": "sites.site",
    "pk": 76,
    "fields": {
        "name": "The New Yorker",
        "slug": "the-new-yorker",
        "url": "newyorker.com",
        "added": "2016-09-21T22:03:00.095Z"
    }
},
{
    "model": "sites.site",
    "pk": 77,
    "fields": {
        "name": "San Jose Mercury News",
        "slug": "san-jose-mercury-news",
        "url": "mercurynews.com",
        "added": "2016-09-21T22:03:00.103Z"
    }
},
{
    "model": "sites.site",
    "pk": 78,
    "fields": {
        "name": "Mashable",
        "slug": "mashable",
        "url": "mashable.com",
        "added": "2016-09-21T22:03:00.108Z"
    }
},
{
    "model": "sites.site",
    "pk": 79,
    "fields": {
        "name": "The Daily Beast",
        "slug": "the-daily-beast",
        "url": "thedailybeast.com",
        "added": "2016-09-21T22:03:00.112Z"
    }
},
{
    "model": "sites.site",
    "pk": 80,
    "fields": {
        "name": "Die Welt",
        "slug": "die-welt",
        "url": "welt.de",
        "added": "2016-09-21T22:03:00.119Z"
    }
},
{
    "model": "sites.site",
    "pk": 81,
    "fields": {
        "name": "Der Spiegel",
        "slug": "der-spiegel",
        "url": "spiegel.de",
        "added": "2016-09-21T22:03:00.124Z"
    }
},
{
    "model": "sites.site",
    "pk": 82,
    "fields": {
        "name": "MSNBC",
        "slug": "msnbc",
        "url": "msnbc.com",
        "added": "2016-09-21T22:03:00.131Z"
    }
},
{
    "model": "sites.site",
    "pk": 83,
    "fields": {
        "name": "CBS",
        "slug": "cbs",
        "url": "cbsnews.com",
        "added": "2016-09-21T22:03:00.138Z"
    }
},
{
    "model": "sites.site",
    "pk": 84,
    "fields": {
        "name": "Chicago Tribune",
        "slug": "chicago-tribune",
        "url": "chicagotribune.com",
        "added": "2016-09-21T22:03:00.145Z"
    }
},
{
    "model": "sites.site",
    "pk": 85,
    "fields": {
        "name": "Kansas City Star",
        "slug": "kansas-city-star",
        "url": "kansascity.com",
        "added": "2016-09-21T22:03:00.152Z"
    }
},
{
    "model": "sites.site",
    "pk": 86,
    "fields": {
        "name": "Detroit Free Press",
        "slug": "detroit-free-press",
        "url": "freep.com",
        "added": "2016-09-21T22:03:00.159Z"
    }
},
{
    "model": "sites.site",
    "pk": 87,
    "fields": {
        "name": "BBC",
        "slug": "bbc",
        "url": "bbc.co.uk",
        "added": "2016-09-21T22:03:00.164Z"
    }
},
{
    "model": "sites.scan",
    "pk": 1,
    "fields": {
        "site": 23,
        "timestamp": "2016-09-21T22:03:33.044Z",
        "live": true,
        "valid_https": null,
        "default_https": false,
        "enforces_https": false,
        "downgrades_https": false,
        "score": 0
    }
},
{
    "model": "sites.scan",
    "pk": 2,
    "fields": {
        "site": 24,
        "timestamp": "2016-09-21T22:03:37.028Z",
        "live": true,
        "valid_https": true,
        "default_https": false,
        "enforces_https": false,
        "downgrades_https": null,
        "score": 20
    }
},
{
    "model": "sites.scan",
    "pk": 3,
    "fields": {
        "site": 25,
        "timestamp": "2016-09-21T22:03:41.081Z",
        "live": true,
        "valid_https": true,
        "default_https": true,
        "enforces_https": false,
        "downgrades_https": false,
        "score": 90
    }
},
{
    "model": "sites.scan",
    "pk": 4,
    "fields": {
        "site": 26,
        "timestamp": "2016-09-21T22:03:49.882Z",
        "live": true,
        "valid_https": true,
        "default_https": false,
        "enforces_https": false,
        "downgrades_https": null,
        "score": 20
    }
},
{
    "model": "sites.scan",
    "pk": 5,
    "fields": {
        "site": 27,
        "timestamp": "2016-09-21T22:03:56.619Z",
        "live": true,
        "valid_https": false,
        "default_https": false,
        "enforces_https": false,
        "downgrades_https": false,
        "score": 0
    }
},
{
    "model": "sites.scan",
    "pk": 6,
    "fields": {
        "site": 28,
        "timestamp": "2016-09-21T22:04:00.883Z",
        "live": true,
        "valid_https": true,
        "default_https": false,
        "enforces_https": false,
        "downgrades_https": null,
        "score": 20
    }
},
{
    "model": "sites.scan",
    "pk": 7,
    "fields": {
        "site": 29,
        "timestamp": "2016-09-21T22:04:05.274Z",
        "live": true,
        "valid_https": null,
        "default_https": false,
        "enforces_https": false,
        "downgrades_https": false,
        "score": 0
    }
},
{
    "model": "sites.scan",
    "pk": 8,
    "fields": {
        "site": 30,
        "timestamp": "2016-09-21T22:04:07.478Z",
        "live": true,
        "valid_https": false,
        "default_https": false,
        "enforces_https": false,
        "downgrades_https": false,
        "score": 0
    }
},
{
    "model": "sites.scan",
    "pk": 9,
    "fields": {
        "site": 31,
        "timestamp": "2016-09-21T22:04:11.706Z",
        "live": true,
        "valid_https": true,
        "default_https": true,
        "enforces_https": false,
        "downgrades_https": null,
        "score": 90
    }
},
{
    "model": "sites.scan",
    "pk": 10,
    "fields": {
        "site": 32,
        "timestamp": "2016-09-21T22:04:18.249Z",
        "live": true,
        "valid_https": null,
        "default_https": false,
        "enforces_https": null,
        "downgrades_https": null,
        "score": 0
    }
},
{
    "model": "sites.scan",
    "pk": 11,
    "fields": {
        "site": 33,
        "timestamp": "2016-09-21T22:04:21.877Z",
        "live": true,
        "valid_https": null,
        "default_https": false,
        "enforces_https": null,
        "downgrades_https": true,
        "score": 0
    }
},
{
    "model": "sites.scan",
    "pk": 12,
    "fields": {
        "site": 34,
        "timestamp": "2016-09-21T22:04:24.448Z",
        "live": true,
        "valid_https": true,
        "default_https": true,
        "enforces_https": false,
        "downgrades_https": null,
        "score": 90
    }
},
{
    "model": "sites.scan",
    "pk": 13,
    "fields": {
        "site": 35,
        "timestamp": "2016-09-21T22:04:28.547Z",
        "live": true,
        "valid_https": false,
        "default_https": false,
        "enforces_https": false,
        "downgrades_https": null,
        "score": 0
    }
},
{
    "model": "sites.scan",
    "pk": 14,
    "fields": {
        "site": 36,
        "timestamp": "2016-09-21T22:04:32.345Z",
        "live": true,
        "valid_https": true,
        "default_https": true,
        "enforces_https": false,
        "downgrades_https": null,
        "score": 90
    }
},
{
    "model": "sites.scan",
    "pk": 15,
    "fields": {
        "site": 37,
        "timestamp": "2016-09-21T22:04:34.950Z",
        "live": true,
        "valid_https": null,
        "default_https": false,
        "enforces_https": false,
        "downgrades_https": false,
        "score": 0
    }
},
{
    "model": "sites.scan",
    "pk": 16,
    "fields": {
        "site": 38,
        "timestamp": "2016-09-21T22:04:39.228Z",
        "live": true,
        "valid_https": null,
        "default_https": false,
        "enforces_https": false,
        "downgrades_https": false,
        "score": 0
    }
},
{
    "model": "sites.scan",
    "pk": 17,
    "fields": {
        "site": 39,
        "timestamp": "2016-09-21T22:04:53.659Z",
        "live": true,
        "valid_https": null,
        "default_https": false,
        "enforces_https": false,
        "downgrades_https": false,
        "score": 0
    }
},
{
    "model": "sites.scan",
    "pk": 18,
    "fields": {
        "site": 40,
        "timestamp": "2016-09-21T22:05:05.596Z",
        "live": true,
        "valid_https": null,
        "default_https": false,
        "enforces_https": false,
        "downgrades_https": true,
        "score": 0
    }
},
{
    "model": "sites.scan",
    "pk": 19,
    "fields": {
        "site": 41,
        "timestamp": "2016-09-21T22:05:10.954Z",
        "live": true,
        "valid_https": false,
        "default_https": false,
        "enforces_https": false,
        "downgrades_https": null,
        "score": 0
    }
},
{
    "model": "sites.scan",
    "pk": 20,
    "fields": {
        "site": 42,
        "timestamp": "2016-09-21T22:05:18.163Z",
        "live": true,
        "valid_https": null,
        "default_https": false,
        "enforces_https": false,
        "downgrades_https": false,
        "score": 0
    }
},
{
    "model": "sites.scan",
    "pk": 21,
    "fields": {
        "site": 43,
        "timestamp": "2016-09-21T22:05:22.299Z",
        "live": true,
        "valid_https": true,
        "default_https": false,
        "enforces_https": false,
        "downgrades_https": null,
        "score": 20
    }
},
{
    "model": "sites.scan",
    "pk": 22,
    "fields": {
        "site": 44,
        "timestamp": "2016-09-21T22:05:31.148Z",
        "live": true,
        "valid_https": null,
        "default_https": true,
        "enforces_https": true,
        "downgrades_https": null,
        "score": 100
    }
},
{
    "model": "sites.scan",
    "pk": 23,
    "fields": {
        "site": 45,
        "timestamp": "2016-09-21T22:05:38.426Z",
        "live": true,
        "valid_https": true,
        "default_https": true,
        "enforces_https": false,
        "downgrades_https": false,
        "score": 90
    }
},
{
    "model": "sites.scan",
    "pk": 24,
    "fields": {
        "site": 46,
        "timestamp": "2016-09-21T22:05:43.609Z",
        "live": true,
        "valid_https": false,
        "default_https": false,
        "enforces_https": false,
        "downgrades_https": false,
        "score": 0
    }
},
{
    "model": "sites.scan",
    "pk": 25,
    "fields": {
        "site": 47,
        "timestamp": "2016-09-21T22:05:46.079Z",
        "live": true,
        "valid_https": true,
        "default_https": false,
        "enforces_https": false,
        "downgrades_https": null,
        "score": 20
    }
},
{
    "model": "sites.scan",
    "pk": 26,
    "fields": {
        "site": 48,
        "timestamp": "2016-09-21T22:05:53.022Z",
        "live": true,
        "valid_https": false,
        "default_https": false,
        "enforces_https": false,
        "downgrades_https": false,
        "score": 0
    }
},
{
    "model": "sites.scan",
    "pk": 27,
    "fields": {
        "site": 49,
        "timestamp": "2016-09-21T22:05:57.931Z",
        "live": true,
        "valid_https": null,
        "default_https": false,
        "enforces_https": false,
        "downgrades_https": false,
        "score": 0
    }
},
{
    "model": "sites.scan",
    "pk": 28,
    "fields": {
        "site": 50,
        "timestamp": "2016-09-21T22:06:08.406Z",
        "live": true,
        "valid_https": null,
        "default_https": false,
        "enforces_https": false,
        "downgrades_https": false,
        "score": 0
    }
},
{
    "model": "sites.scan",
    "pk": 29,
    "fields": {
        "site": 51,
        "timestamp": "2016-09-21T22:06:12.185Z",
        "live": true,
        "valid_https": null,
        "default_https": false,
        "enforces_https": false,
        "downgrades_https": false,
        "score": 0
    }
},
{
    "model": "sites.scan",
    "pk": 30,
    "fields": {
        "site": 52,
        "timestamp": "2016-09-21T22:06:23.521Z",
        "live": true,
        "valid_https": true,
        "default_https": false,
        "enforces_https": false,
        "downgrades_https": null,
        "score": 20
    }
},
{
    "model": "sites.scan",
    "pk": 31,
    "fields": {
        "site": 53,
        "timestamp": "2016-09-21T22:06:28.381Z",
        "live": true,
        "valid_https": false,
        "default_https": false,
        "enforces_https": null,
        "downgrades_https": null,
        "score": 0
    }
},
{
    "model": "sites.scan",
    "pk": 32,
    "fields": {
        "site": 54,
        "timestamp": "2016-09-21T22:06:34.966Z",
        "live": true,
        "valid_https": false,
        "default_https": false,
        "enforces_https": false,
        "downgrades_https": false,
        "score": 0
    }
},
{
    "model": "sites.scan",
    "pk": 33,
    "fields": {
        "site": 55,
        "timestamp": "2016-09-21T22:06:40.073Z",
        "live": true,
        "valid_https": false,
        "default_https": false,
        "enforces_https": false,
        "downgrades_https": false,
        "score": 0
    }
},
{
    "model": "sites.scan",
    "pk": 34,
    "fields": {
        "site": 56,
        "timestamp": "2016-09-21T22:06:50.665Z",
        "live": true,
        "valid_https": null,
        "default_https": false,
        "enforces_https": false,
        "downgrades_https": null,
        "score": 0
    }
},
{
    "model": "sites.scan",
    "pk": 35,
    "fields": {
        "site": 57,
        "timestamp": "2016-09-21T22:06:55.724Z",
        "live": true,
        "valid_https": true,
        "default_https": false,
        "enforces_https": false,
        "downgrades_https": true,
        "score": 20
    }
},
{
    "model": "sites.scan",
    "pk": 36,
    "fields": {
        "site": 58,
        "timestamp": "2016-09-21T22:07:00.014Z",
        "live": true,
        "valid_https": null,
        "default_https": false,
        "enforces_https": false,
        "downgrades_https": false,
        "score": 0
    }
},
{
    "model": "sites.scan",
    "pk": 37,
    "fields": {
        "site": 59,
        "timestamp": "2016-09-21T22:07:05.468Z",
        "live": true,
        "valid_https": null,
        "default_https": false,
        "enforces_https": false,
        "downgrades_https": false,
        "score": 0
    }
},
{
    "model": "sites.scan",
    "pk": 38,
    "fields": {
        "site": 60,
        "timestamp": "2016-09-21T22:07:09.259Z",
        "live": true,
        "valid_https": null,
        "default_https": true,
        "enforces_https": true,
        "downgrades_https": null,
        "score": 100
    }
},
{
    "model": "sites.scan",
    "pk": 39,
    "fields": {
        "site": 61,
        "timestamp": "2016-09-21T22:07:14.380Z",
        "live": true,
        "valid_https": true,
        "default_https": false,
        "enforces_https": false,
        "downgrades_https": true,
        "score": 20
    }
},
{
    "model": "sites.scan",
    "pk": 40,
    "fields": {
        "site": 62,
        "timestamp": "2016-09-21T22:07:19.650Z",
        "live": true,
        "valid_https": true,
        "default_https": true,
        "enforces_https": true,
        "downgrades_https": null,
        "score": 100
    }
},
{
    "model": "sites.scan",
    "pk": 41,
    "fields": {
        "site": 63,
        "timestamp": "2016-09-21T22:07:22.094Z",
        "live": true,
        "valid_https": false,
        "default_https": false,
        "enforces_https": false,
        "downgrades_https": false,
        "score": 0
    }
},
{
    "model": "sites.scan",
    "pk": 42,
    "fields": {
        "site": 64,
        "timestamp": "2016-09-21T22:07:32.312Z",
        "live": true,
        "valid_https": true,
        "default_https": false,
        "enforces_https": false,
        "downgrades_https": true,
        "score": 20
    }
},
{
    "model": "sites.scan",
    "pk": 43,
    "fields": {
        "site": 65,
        "timestamp": "2016-09-21T22:07:44.243Z",
        "live": true,
        "valid_https": null,
        "default_https": false,
        "enforces_https": false,
        "downgrades_https": false,
        "score": 0
    }
},
{
    "model": "sites.scan",
    "pk": 44,
    "fields": {
        "site": 66,
        "timestamp": "2016-09-21T22:07:48.700Z",
        "live": true,
        "valid_https": null,
        "default_https": false,
        "enforces_https": false,
        "downgrades_https": false,
        "score": 0
    }
},
{
    "model": "sites.scan",
    "pk": 45,
    "fields": {
        "site": 67,
        "timestamp": "2016-09-21T22:07:53.159Z",
        "live": true,
        "valid_https": true,
        "default_https": false,
        "enforces_https": false,
        "downgrades_https": null,
        "score": 20
    }
},
{
    "model": "sites.scan",
    "pk": 46,
    "fields": {
        "site": 68,
        "timestamp": "2016-09-21T22:07:57.246Z",
        "live": true,
        "valid_https": false,
        "default_https": false,
        "enforces_https": false,
        "downgrades_https": false,
        "score": 0
    }
},
{
    "model": "sites.scan",
    "pk": 47,
    "fields": {
        "site": 69,
        "timestamp": "2016-09-21T22:08:02.162Z",
        "live": true,
        "valid_https": true,
        "default_https": false,
        "enforces_https": false,
        "downgrades_https": null,
        "score": 20
    }
},
{
    "model": "sites.scan",
    "pk": 48,
    "fields": {
        "site": 70,
        "timestamp": "2016-09-21T22:08:06.414Z",
        "live": true,
        "valid_https": true,
        "default_https": false,
        "enforces_https": false,
        "downgrades_https": true,
        "score": 20
    }
},
{
    "model": "sites.scan",
    "pk": 49,
    "fields": {
        "site": 71,
        "timestamp": "2016-09-21T22:08:17.032Z",
        "live": true,
        "valid_https": null,
        "default_https": true,
        "enforces_https": true,
        "downgrades_https": false,
        "score": 100
    }
},
{
    "model": "sites.scan",
    "pk": 50,
    "fields": {
        "site": 72,
        "timestamp": "2016-09-21T22:08:21.209Z",
        "live": true,
        "valid_https": false,
        "default_https": false,
        "enforces_https": false,
        "downgrades_https": false,
        "score": 0
    }
},
{
    "model": "sites.scan",
    "pk": 51,
    "fields": {
        "site": 73,
        "timestamp": "2016-09-21T22:08:23.935Z",
        "live": true,
        "valid_https": false,
        "default_https": false,
        "enforces_https": false,
        "downgrades_https": false,
        "score": 0
    }
},
{
    "model": "sites.scan",
    "pk": 52,
    "fields": {
        "site": 74,
        "timestamp": "2016-09-21T22:08:29.149Z",
        "live": true,
        "valid_https": false,
        "default_https": false,
        "enforces_https": false,
        "downgrades_https": false,
        "score": 0
    }
},
{
    "model": "sites.scan",
    "pk": 53,
    "fields": {
        "site": 75,
        "timestamp": "2016-09-21T22:08:37.105Z",
        "live": true,
        "valid_https": true,
        "default_https": true,
        "enforces_https": true,
        "downgrades_https": null,
        "score": 100
    }
},
{
    "model": "sites.scan",
    "pk": 54,
    "fields": {
        "site": 76,
        "timestamp": "2016-09-21T22:08:40.113Z",
        "live": true,
        "valid_https": true,
        "default_https": false,
        "enforces_https": false,
        "downgrades_https": true,
        "score": 20
    }
},
{
    "model": "sites.scan",
    "pk": 55,
    "fields": {
        "site": 77,
        "timestamp": "2016-09-21T22:08:43.816Z",
        "live": true,
        "valid_https": null,
        "default_https": false,
        "enforces_https": false,
        "downgrades_https": true,
        "score": 0
    }
},
{
    "model": "sites.scan",
    "pk": 56,
    "fields": {
        "site": 78,
        "timestamp": "2016-09-21T22:08:48.553Z",
        "live": true,
        "valid_https": null,
        "default_https": false,
        "enforces_https": null,
        "downgrades_https": true,
        "score": 0
    }
},
{
    "model": "sites.scan",
    "pk": 57,
    "fields": {
        "site": 79,
        "timestamp": "2016-09-21T22:08:53.587Z",
        "live": true,
        "valid_https": true,
        "default_https": false,
        "enforces_https": false,
        "downgrades_https": true,
        "score": 20
    }
},
{
    "model": "sites.scan",
    "pk": 58,
    "fields": {
        "site": 80,
        "timestamp": "2016-09-21T22:08:59.324Z",
        "live": true,
        "valid_https": true,
        "default_https": true,
        "enforces_https": false,
        "downgrades_https": null,
        "score": 90
    }
},
{
    "model": "sites.scan",
    "pk": 59,
    "fields": {
        "site": 81,
        "timestamp": "2016-09-21T22:09:06.883Z",
        "live": true,
        "valid_https": true,
        "default_https": false,
        "enforces_https": false,
        "downgrades_https": true,
        "score": 20
    }
},
{
    "model": "sites.scan",
    "pk": 60,
    "fields": {
        "site": 82,
        "timestamp": "2016-09-21T22:09:10.502Z",
        "live": true,
        "valid_https": true,
        "default_https": false,
        "enforces_https": false,
        "downgrades_https": true,
        "score": 20
    }
},
{
    "model": "sites.scan",
    "pk": 61,
    "fields": {
        "site": 83,
        "timestamp": "2016-09-21T22:09:15.804Z",
        "live": true,
        "valid_https": null,
        "default_https": false,
        "enforces_https": false,
        "downgrades_https": false,
        "score": 0
    }
},
{
    "model": "sites.scan",
    "pk": 62,
    "fields": {
        "site": 84,
        "timestamp": "2016-09-21T22:09:21.098Z",
        "live": true,
        "valid_https": null,
        "default_https": false,
        "enforces_https": false,
        "downgrades_https": false,
        "score": 0
    }
},
{
    "model": "sites.scan",
    "pk": 63,
    "fields": {
        "site": 85,
        "timestamp": "2016-09-21T22:09:35.763Z",
        "live": true,
        "valid_https": false,
        "default_https": false,
        "enforces_https": false,
        "downgrades_https": false,
        "score": 0
    }
},
{
    "model": "sites.scan",
    "pk": 64,
    "fields": {
        "site": 86,
        "timestamp": "2016-09-21T22:09:43.082Z",
        "live": true,
        "valid_https": false,
        "default_https": false,
        "enforces_https": false,
        "downgrades_https": false,
        "score": 0
    }
},
{
    "model": "sites.scan",
    "pk": 65,
    "fields": {
        "site": 87,
        "timestamp": "2016-09-21T22:09:51.708Z",
        "live": true,
        "valid_https": false,
        "default_https": false,
        "enforces_https": false,
        "downgrades_https": null,
        "score": 0
    }
},
{
    "model": "wagtailcore.site",
    "fields": {
        "hostname": "localhost",
        "port": 80,
        "site_name": null,
        "root_page": 3,
        "is_default_site": true
    }
},
{
    "model": "wagtailcore.collection",
    "pk": 1,
    "fields": {
        "path": "0001",
        "depth": 1,
        "numchild": 0,
        "name": "Root"
    }
},
{
    "model": "wagtailmenus.mainmenu",
    "pk": 1,
    "fields": {
        "site": [
            "localhost",
            80
        ]
    }
},
{
    "model": "wagtailmenus.mainmenuitem",
    "pk": 1,
    "fields": {
        "sort_order": 0,
        "link_page": 5,
        "link_url": "",
        "link_text": "",
        "url_append": "",
        "menu": 1,
        "allow_subnav": true
    }
},
{
    "model": "wagtailmenus.mainmenuitem",
    "pk": 2,
    "fields": {
        "sort_order": 1,
        "link_page": 4,
        "link_url": "",
        "link_text": "",
        "url_append": "",
        "menu": 1,
        "allow_subnav": true
    }
},
{
    "model": "wagtailmenus.mainmenuitem",
    "pk": 3,
    "fields": {
        "sort_order": 2,
        "link_page": 6,
        "link_url": "",
        "link_text": "",
        "url_append": "",
        "menu": 1,
        "allow_subnav": true
    }
},
{
    "model": "wagtailmenus.mainmenuitem",
    "pk": 4,
    "fields": {
        "sort_order": 3,
        "link_page": 7,
        "link_url": "",
        "link_text": "",
        "url_append": "",
        "menu": 1,
        "allow_subnav": true
    }
},
{
    "model": "auth.group",
    "fields": {
        "name": "Moderators",
        "permissions": [
            [
                "access_admin",
                "wagtailadmin",
                "admin"
            ],
            [
                "add_document",
                "wagtaildocs",
                "document"
            ],
            [
                "change_document",
                "wagtaildocs",
                "document"
            ],
            [
                "delete_document",
                "wagtaildocs",
                "document"
            ],
            [
                "add_image",
                "wagtailimages",
                "image"
            ],
            [
                "change_image",
                "wagtailimages",
                "image"
            ],
            [
                "delete_image",
                "wagtailimages",
                "image"
            ]
        ]
    }
},
{
    "model": "auth.group",
    "fields": {
        "name": "Editors",
        "permissions": [
            [
                "access_admin",
                "wagtailadmin",
                "admin"
            ],
            [
                "add_document",
                "wagtaildocs",
                "document"
            ],
            [
                "change_document",
                "wagtaildocs",
                "document"
            ],
            [
                "delete_document",
                "wagtaildocs",
                "document"
            ],
            [
                "add_image",
                "wagtailimages",
                "image"
            ],
            [
                "change_image",
                "wagtailimages",
                "image"
            ],
            [
                "delete_image",
                "wagtailimages",
                "image"
            ]
        ]
    }
},
{
    "model": "auth.user",
    "fields": {
        "password": "pbkdf2_sha256$24000$mQso0vJ3FBFT$pdvLkEKTvCc93TcP9rPGD7Vn7jkwYeC0/a5NYjpjD5k=",
        "last_login": "2016-09-21T22:37:42.892Z",
        "is_superuser": true,
        "username": "admin",
        "first_name": "",
        "last_name": "",
        "email": "admin@freedom.press",
        "is_staff": true,
        "is_active": true,
        "date_joined": "2016-09-21T22:28:09.581Z",
        "groups": [],
        "user_permissions": []
    }
},
{
    "model": "sessions.session",
    "pk": "414wjgm1c30jcl79qtn40oylbr00kliq",
    "fields": {
        "session_data": "NzE1MTI3ZWE3ZjFhNmFiNzMyNjYxNzU2MDk2NTlhZWMwY2NkN2U5MTp7Il9hdXRoX3VzZXJfaWQiOiIxIiwiX2F1dGhfdXNlcl9oYXNoIjoiNjY0MGExNjcxMTA4YzZhYWJiNzUwZjY0M2Q5MjY5ZWQ2NTVhZTY2OCIsIl9hdXRoX3VzZXJfYmFja2VuZCI6ImRqYW5nby5jb250cmliLmF1dGguYmFja2VuZHMuTW9kZWxCYWNrZW5kIn0=",
        "expire_date": "2016-10-05T22:37:42.907Z"
    }
},
{
    "model": "sessions.session",
    "pk": "ewec488n5um3q10b9kckm5sn70coi9u4",
    "fields": {
        "session_data": "ZWUyODEyMGQ5MDU0NTU1ZWY4N2I4NDczMjkzYTMwZTQ1ZmZiNWFmNDp7Il9hdXRoX3VzZXJfaWQiOiIxIiwiX2F1dGhfdXNlcl9iYWNrZW5kIjoiZGphbmdvLmNvbnRyaWIuYXV0aC5iYWNrZW5kcy5Nb2RlbEJhY2tlbmQiLCJfYXV0aF91c2VyX2hhc2giOiIzMmMzNzQzYzlkMzkwMDY2ZDMzYjg3YmRiMjRmZTQzNWVkMDJhNTM3In0=",
        "expire_date": "2016-10-04T18:05:53.072Z"
    }
},
{
    "model": "sessions.session",
    "pk": "guewrkh3dmbplqjyvv9nepzqnk3e2fvs",
    "fields": {
        "session_data": "MDk0YWY4YTA2YjcxZDdlMDg1NjBhZGE5ZWQwM2IyOGU5ZDVlYjA3ODp7Il9hdXRoX3VzZXJfYmFja2VuZCI6ImRqYW5nby5jb250cmliLmF1dGguYmFja2VuZHMuTW9kZWxCYWNrZW5kIiwiX2F1dGhfdXNlcl9oYXNoIjoiMzJjMzc0M2M5ZDM5MDA2NmQzM2I4N2JkYjI0ZmU0MzVlZDAyYTUzNyIsIl9hdXRoX3VzZXJfaWQiOiIxIn0=",
        "expire_date": "2016-10-05T16:51:19.981Z"
    }
},
{
    "model": "sessions.session",
    "pk": "ie0of1bcc6bnmibw7hxicp12mehvqsa7",
    "fields": {
        "session_data": "YTZjMDZkY2Q2NDYwMzliYTcwYjQ1MTRhNGY2MDEwZGZjZWUyZTFmNDp7Il9hdXRoX3VzZXJfaGFzaCI6IjMyYzM3NDNjOWQzOTAwNjZkMzNiODdiZGIyNGZlNDM1ZWQwMmE1MzciLCJfYXV0aF91c2VyX2lkIjoiMSIsIl9hdXRoX3VzZXJfYmFja2VuZCI6ImRqYW5nby5jb250cmliLmF1dGguYmFja2VuZHMuTW9kZWxCYWNrZW5kIn0=",
        "expire_date": "2016-09-29T22:38:25.219Z"
    }
},
{
    "model": "wagtailcore.groupcollectionpermission",
    "pk": 1,
    "fields": {
        "group": [
            "Editors"
        ],
        "collection": 1,
        "permission": [
            "add_document",
            "wagtaildocs",
            "document"
        ]
    }
},
{
    "model": "wagtailcore.groupcollectionpermission",
    "pk": 2,
    "fields": {
        "group": [
            "Moderators"
        ],
        "collection": 1,
        "permission": [
            "add_document",
            "wagtaildocs",
            "document"
        ]
    }
},
{
    "model": "wagtailcore.groupcollectionpermission",
    "pk": 3,
    "fields": {
        "group": [
            "Editors"
        ],
        "collection": 1,
        "permission": [
            "change_document",
            "wagtaildocs",
            "document"
        ]
    }
},
{
    "model": "wagtailcore.groupcollectionpermission",
    "pk": 4,
    "fields": {
        "group": [
            "Moderators"
        ],
        "collection": 1,
        "permission": [
            "change_document",
            "wagtaildocs",
            "document"
        ]
    }
},
{
    "model": "wagtailcore.groupcollectionpermission",
    "pk": 5,
    "fields": {
        "group": [
            "Editors"
        ],
        "collection": 1,
        "permission": [
            "add_image",
            "wagtailimages",
            "image"
        ]
    }
},
{
    "model": "wagtailcore.groupcollectionpermission",
    "pk": 6,
    "fields": {
        "group": [
            "Moderators"
        ],
        "collection": 1,
        "permission": [
            "add_image",
            "wagtailimages",
            "image"
        ]
    }
},
{
    "model": "wagtailcore.groupcollectionpermission",
    "pk": 7,
    "fields": {
        "group": [
            "Editors"
        ],
        "collection": 1,
        "permission": [
            "change_image",
            "wagtailimages",
            "image"
        ]
    }
},
{
    "model": "wagtailcore.groupcollectionpermission",
    "pk": 8,
    "fields": {
        "group": [
            "Moderators"
        ],
        "collection": 1,
        "permission": [
            "change_image",
            "wagtailimages",
            "image"
        ]
    }
},
{
    "model": "wagtailcore.grouppagepermission",
    "pk": 1,
    "fields": {
        "group": [
            "Moderators"
        ],
        "page": 1,
        "permission_type": "add"
    }
},
{
    "model": "wagtailcore.grouppagepermission",
    "pk": 2,
    "fields": {
        "group": [
            "Moderators"
        ],
        "page": 1,
        "permission_type": "edit"
    }
},
{
    "model": "wagtailcore.grouppagepermission",
    "pk": 3,
    "fields": {
        "group": [
            "Moderators"
        ],
        "page": 1,
        "permission_type": "publish"
    }
},
{
    "model": "wagtailcore.grouppagepermission",
    "pk": 4,
    "fields": {
        "group": [
            "Editors"
        ],
        "page": 1,
        "permission_type": "add"
    }
},
{
    "model": "wagtailcore.grouppagepermission",
    "pk": 5,
    "fields": {
        "group": [
            "Editors"
        ],
        "page": 1,
        "permission_type": "edit"
    }
},
{
    "model": "wagtailcore.grouppagepermission",
    "pk": 6,
    "fields": {
        "group": [
            "Moderators"
        ],
        "page": 1,
        "permission_type": "lock"
    }
},
{
    "model": "wagtailcore.pagerevision",
    "pk": 1,
    "fields": {
        "page": 4,
        "submitted_for_moderation": false,
        "created_at": "2016-09-15T22:45:31.207Z",
        "user": null,
        "content_json": "{\"live\": true, \"seo_title\": \"\", \"expire_at\": null, \"has_unpublished_changes\": false, \"numchild\": 0, \"sub_header\": \"Why should news organizations deploy HTTPS?\", \"content_type\": 6, \"show_in_menus\": false, \"button_text\": \"Deploy it now!\", \"title\": \"Why?\", \"owner\": 1, \"expired\": false, \"pk\": 4, \"path\": \"000100010001\", \"go_live_at\": null, \"depth\": 3, \"search_description\": \"\", \"latest_revision_created_at\": null, \"first_published_at\": null, \"url_path\": \"/home/why/\", \"button_url\": \"Ok then!\", \"body\": \"<p>Because it's the right thing to do!</p>\", \"locked\": false, \"slug\": \"why\"}",
        "approved_go_live_at": null
    }
},
{
    "model": "wagtailcore.pagerevision",
    "pk": 2,
    "fields": {
        "page": 5,
        "submitted_for_moderation": false,
        "created_at": "2016-09-19T22:23:39.392Z",
        "user": null,
        "content_json": "{\"title\": \"How\", \"body\": \"<p>How can stuff be done?</p>\", \"seo_title\": \"\", \"content_type\": 6, \"latest_revision_created_at\": null, \"path\": \"000100010002\", \"show_in_menus\": false, \"button_text\": \"Ugh\", \"expire_at\": null, \"live\": true, \"button_url\": \"This sucks\", \"first_published_at\": null, \"url_path\": \"/home/how/\", \"numchild\": 0, \"pk\": 5, \"locked\": false, \"go_live_at\": null, \"search_description\": \"\", \"owner\": 1, \"depth\": 3, \"expired\": false, \"has_unpublished_changes\": false, \"slug\": \"how\", \"sub_header\": \"How do we do stuff?\"}",
        "approved_go_live_at": null
    }
},
{
    "model": "wagtailcore.pagerevision",
    "pk": 3,
    "fields": {
        "page": 6,
        "submitted_for_moderation": false,
        "created_at": "2016-09-19T22:24:07.598Z",
        "user": null,
        "content_json": "{\"title\": \"Stats\", \"body\": \"<p>Some stuff is going down over here, I guess.</p>\", \"seo_title\": \"\", \"content_type\": 6, \"latest_revision_created_at\": null, \"path\": \"000100010003\", \"show_in_menus\": false, \"button_text\": \"ugh\", \"expire_at\": null, \"live\": true, \"button_url\": \"stop\", \"first_published_at\": null, \"url_path\": \"/home/stats/\", \"numchild\": 0, \"pk\": 6, \"locked\": false, \"go_live_at\": null, \"search_description\": \"\", \"owner\": 1, \"depth\": 3, \"expired\": false, \"has_unpublished_changes\": false, \"slug\": \"stats\", \"sub_header\": \"This is the leaderboard?\"}",
        "approved_go_live_at": null
    }
},
{
    "model": "wagtailcore.pagerevision",
    "pk": 4,
    "fields": {
        "page": 7,
        "submitted_for_moderation": false,
        "created_at": "2016-09-19T22:25:19.444Z",
        "user": null,
        "content_json": "{\"title\": \"About\", \"body\": \"<p>Irony roof party fashion axe, pickled iceland tumeric selvage skateboard activated charcoal shabby chic meh knausgaard meditation thundercats. Skateboard pop-up semiotics slow-carb, squid knausgaard live-edge. 90's bushwick subway tile yuccie gochujang, prism heirloom pabst vinyl messenger bag. Umami flexitarian fam hell of messenger bag sustainable af, vape readymade. Food truck flexitarian roof party you probably haven't heard of them bicycle rights, banh mi blue bottle typewriter iPhone direct trade artisan pickled. Tumeric flexitarian disrupt, sriracha keytar kickstarter gentrify waistcoat helvetica mlkshk iPhone. Yuccie kogi crucifix ethical.</p>\", \"seo_title\": \"\", \"content_type\": 6, \"latest_revision_created_at\": null, \"path\": \"000100010004\", \"show_in_menus\": false, \"button_text\": \"please\", \"expire_at\": null, \"live\": true, \"button_url\": \"stop\", \"first_published_at\": null, \"url_path\": \"/home/about/\", \"numchild\": 0, \"pk\": 7, \"locked\": false, \"go_live_at\": null, \"search_description\": \"\", \"owner\": 1, \"depth\": 3, \"expired\": false, \"has_unpublished_changes\": false, \"slug\": \"about\", \"sub_header\": \"What is this thing, anyway?\"}",
        "approved_go_live_at": null
    }
},
{
    "model": "wagtailcore.pagerevision",
    "pk": 5,
    "fields": {
        "page": 6,
        "submitted_for_moderation": false,
        "created_at": "2016-09-19T22:25:42.177Z",
        "user": null,
        "content_json": "{\"title\": \"Stats\", \"body\": \"<p>Small batch squid tacos four dollar toast kogi keytar. Snackwave irony post-ironic tattooed prism. Seitan cold-pressed kogi plaid. Biodiesel tote bag mixtape air plant church-key, kitsch paleo affogato truffaut cronut. Enamel pin fam bitters, waistcoat cold-pressed cronut gluten-free hella sustainable roof party. Helvetica bespoke shoreditch migas cred humblebrag whatever. Poutine quinoa thundercats, try-hard jean shorts kombucha neutra retro chillwave semiotics tumblr.<br/></p>\", \"seo_title\": \"\", \"content_type\": 6, \"latest_revision_created_at\": \"2016-09-19T22:24:07.598Z\", \"path\": \"000100010003\", \"show_in_menus\": false, \"button_text\": \"ugh\", \"expire_at\": null, \"live\": true, \"button_url\": \"stop\", \"first_published_at\": \"2016-09-19T22:24:07.657Z\", \"url_path\": \"/home/stats/\", \"numchild\": 0, \"pk\": 6, \"locked\": false, \"go_live_at\": null, \"search_description\": \"\", \"owner\": 1, \"depth\": 3, \"expired\": false, \"has_unpublished_changes\": false, \"slug\": \"stats\", \"sub_header\": \"This is the leaderboard?\"}",
        "approved_go_live_at": null
    }
},
{
    "model": "wagtailcore.pagerevision",
    "pk": 6,
    "fields": {
        "page": 6,
        "submitted_for_moderation": false,
        "created_at": "2016-09-19T23:28:45.207Z",
        "user": null,
        "content_json": "{\"title\": \"Stats\", \"body\": \"<p>Small batch squid tacos four dollar toast kogi keytar. Snackwave irony post-ironic tattooed prism. Seitan cold-pressed kogi plaid. Biodiesel tote bag mixtape air plant church-key, kitsch paleo affogato truffaut cronut. Enamel pin fam bitters, waistcoat cold-pressed cronut gluten-free hella sustainable roof party. Helvetica bespoke shoreditch migas cred humblebrag whatever. Poutine quinoa thundercats, try-hard jean shorts kombucha neutra retro chillwave semiotics tumblr.<br/></p>\", \"seo_title\": \"\", \"content_type\": 6, \"latest_revision_created_at\": \"2016-09-19T22:25:42.177Z\", \"path\": \"000100010003\", \"show_in_menus\": true, \"button_text\": \"ugh\", \"expire_at\": null, \"live\": true, \"button_url\": \"stop\", \"first_published_at\": \"2016-09-19T22:24:07.657Z\", \"url_path\": \"/home/stats/\", \"numchild\": 0, \"pk\": 6, \"locked\": false, \"go_live_at\": null, \"search_description\": \"\", \"owner\": 1, \"depth\": 3, \"expired\": false, \"has_unpublished_changes\": false, \"slug\": \"stats\", \"sub_header\": \"This is the leaderboard?\"}",
        "approved_go_live_at": null
    }
},
{
    "model": "wagtailcore.pagerevision",
    "pk": 7,
    "fields": {
        "page": 6,
        "submitted_for_moderation": false,
        "created_at": "2016-09-19T23:28:57.183Z",
        "user": null,
        "content_json": "{\"title\": \"Stats\", \"body\": \"<p>Small batch squid tacos four dollar toast kogi keytar. Snackwave irony post-ironic tattooed prism. Seitan cold-pressed kogi plaid. Biodiesel tote bag mixtape air plant church-key, kitsch paleo affogato truffaut cronut. Enamel pin fam bitters, waistcoat cold-pressed cronut gluten-free hella sustainable roof party. Helvetica bespoke shoreditch migas cred humblebrag whatever. Poutine quinoa thundercats, try-hard jean shorts kombucha neutra retro chillwave semiotics tumblr.<br/></p>\", \"seo_title\": \"\", \"content_type\": 6, \"latest_revision_created_at\": \"2016-09-19T23:28:45.207Z\", \"path\": \"000100010003\", \"show_in_menus\": true, \"button_text\": \"ugh\", \"expire_at\": null, \"live\": true, \"button_url\": \"stop\", \"first_published_at\": \"2016-09-19T22:24:07.657Z\", \"url_path\": \"/home/stats/\", \"numchild\": 0, \"pk\": 6, \"locked\": false, \"go_live_at\": null, \"search_description\": \"\", \"owner\": 1, \"depth\": 3, \"expired\": false, \"has_unpublished_changes\": true, \"slug\": \"stats\", \"sub_header\": \"This is the leaderboard?\"}",
        "approved_go_live_at": null
    }
},
{
    "model": "wagtailcore.pagerevision",
    "pk": 8,
    "fields": {
        "page": 7,
        "submitted_for_moderation": false,
        "created_at": "2016-09-19T23:29:21.529Z",
        "user": null,
        "content_json": "{\"title\": \"About\", \"body\": \"<p>Irony roof party fashion axe, pickled iceland tumeric selvage skateboard activated charcoal shabby chic meh knausgaard meditation thundercats. Skateboard pop-up semiotics slow-carb, squid knausgaard live-edge. 90's bushwick subway tile yuccie gochujang, prism heirloom pabst vinyl messenger bag. Umami flexitarian fam hell of messenger bag sustainable af, vape readymade. Food truck flexitarian roof party you probably haven't heard of them bicycle rights, banh mi blue bottle typewriter iPhone direct trade artisan pickled. Tumeric flexitarian disrupt, sriracha keytar kickstarter gentrify waistcoat helvetica mlkshk iPhone. Yuccie kogi crucifix ethical.</p>\", \"seo_title\": \"\", \"content_type\": 6, \"latest_revision_created_at\": \"2016-09-19T22:25:19.444Z\", \"path\": \"000100010004\", \"show_in_menus\": true, \"button_text\": \"please\", \"expire_at\": null, \"live\": true, \"button_url\": \"stop\", \"first_published_at\": \"2016-09-19T22:25:19.550Z\", \"url_path\": \"/home/about/\", \"numchild\": 0, \"pk\": 7, \"locked\": false, \"go_live_at\": null, \"search_description\": \"\", \"owner\": 1, \"depth\": 3, \"expired\": false, \"has_unpublished_changes\": false, \"slug\": \"about\", \"sub_header\": \"What is this thing, anyway?\"}",
        "approved_go_live_at": null
    }
},
{
    "model": "wagtailcore.pagerevision",
    "pk": 9,
    "fields": {
        "page": 5,
        "submitted_for_moderation": false,
        "created_at": "2016-09-19T23:29:29.226Z",
        "user": null,
        "content_json": "{\"title\": \"How\", \"body\": \"<p>How can stuff be done?</p>\", \"seo_title\": \"\", \"content_type\": 6, \"latest_revision_created_at\": \"2016-09-19T22:23:39.392Z\", \"path\": \"000100010002\", \"show_in_menus\": true, \"button_text\": \"Ugh\", \"expire_at\": null, \"live\": true, \"button_url\": \"This sucks\", \"first_published_at\": \"2016-09-19T22:23:39.475Z\", \"url_path\": \"/home/how/\", \"numchild\": 0, \"pk\": 5, \"locked\": false, \"go_live_at\": null, \"search_description\": \"\", \"owner\": 1, \"depth\": 3, \"expired\": false, \"has_unpublished_changes\": false, \"slug\": \"how\", \"sub_header\": \"How do we do stuff?\"}",
        "approved_go_live_at": null
    }
},
{
    "model": "wagtailcore.pagerevision",
    "pk": 10,
    "fields": {
        "page": 4,
        "submitted_for_moderation": false,
        "created_at": "2016-09-19T23:29:36.931Z",
        "user": null,
        "content_json": "{\"title\": \"Why?\", \"body\": \"<p>Because it's the right thing to do!</p>\", \"seo_title\": \"\", \"content_type\": 6, \"latest_revision_created_at\": \"2016-09-15T22:45:31.207Z\", \"path\": \"000100010001\", \"show_in_menus\": true, \"button_text\": \"Deploy it now!\", \"expire_at\": null, \"live\": true, \"button_url\": \"Ok then!\", \"first_published_at\": \"2016-09-15T22:45:31.503Z\", \"url_path\": \"/home/why/\", \"numchild\": 0, \"pk\": 4, \"locked\": false, \"go_live_at\": null, \"search_description\": \"\", \"owner\": 1, \"depth\": 3, \"expired\": false, \"has_unpublished_changes\": false, \"slug\": \"why\", \"sub_header\": \"Why should news organizations deploy HTTPS?\"}",
        "approved_go_live_at": null
    }
},
{
    "model": "wagtailcore.pagerevision",
    "pk": 11,
    "fields": {
        "page": 8,
        "submitted_for_moderation": false,
        "created_at": "2016-09-20T18:07:02.113Z",
        "user": null,
        "content_json": "{\"has_unpublished_changes\": false, \"byline\": \"Garrett Robinson\", \"depth\": 3, \"locked\": false, \"expire_at\": null, \"content_type\": 35, \"owner\": 1, \"intro\": \"Great news! The New York times has deployed HTTPS.\", \"date\": \"2016-09-21\", \"live\": false, \"slug\": \"new-york-times-deploys-https\", \"numchild\": 0, \"show_in_menus\": false, \"go_live_at\": null, \"search_description\": \"\", \"seo_title\": \"\", \"title\": \"New York Times deploys HTTPS\", \"latest_revision_created_at\": null, \"expired\": false, \"pk\": 8, \"first_published_at\": null, \"url_path\": \"/home/new-york-times-deploys-https/\", \"path\": \"000100010005\", \"body\": \"<p>Cool stuff is afoot!</p>\"}",
        "approved_go_live_at": null
    }
},
{
    "model": "wagtailcore.pagerevision",
    "pk": 12,
    "fields": {
        "page": 8,
        "submitted_for_moderation": false,
        "created_at": "2016-09-20T18:07:27.456Z",
        "user": null,
        "content_json": "{\"has_unpublished_changes\": true, \"byline\": \"Garrett Robinson\", \"depth\": 3, \"locked\": false, \"expire_at\": null, \"content_type\": 35, \"owner\": 1, \"intro\": \"Great news! The New York times has deployed HTTPS.\", \"date\": \"2016-09-21\", \"live\": false, \"slug\": \"new-york-times-deploys-https\", \"numchild\": 0, \"show_in_menus\": false, \"go_live_at\": null, \"search_description\": \"\", \"seo_title\": \"\", \"title\": \"New York Times deploys HTTPS\", \"latest_revision_created_at\": \"2016-09-20T18:07:02.113Z\", \"expired\": false, \"pk\": 8, \"first_published_at\": null, \"url_path\": \"/home/new-york-times-deploys-https/\", \"path\": \"000100010005\", \"body\": \"<p>Edison bulb prism green juice, locavore yuccie coloring book microdosing chia authentic man braid fingerstache asymmetrical. Locavore cold-pressed vegan pop-up, pok pok salvia poutine kinfolk farm-to-table. Ennui umami distillery, taxidermy bushwick fam 3 wolf moon enamel pin. Sustainable humblebrag air plant kickstarter. Fingerstache organic letterpress, iceland polaroid whatever mumblecore blue bottle pickled four loko banh mi. Mumblecore food truck twee celiac viral. Raclette cornhole coloring book, literally selvage next level ramps sartorial jianbing poke plaid hashtag vape.<br/></p>\"}",
        "approved_go_live_at": null
    }
},
{
    "model": "wagtailcore.pagerevision",
    "pk": 13,
    "fields": {
        "page": 8,
        "submitted_for_moderation": false,
        "created_at": "2016-09-20T19:26:32.658Z",
        "user": null,
        "content_json": "{\"has_unpublished_changes\": true, \"byline\": \"Garrett Robinson\", \"depth\": 3, \"locked\": false, \"expire_at\": null, \"content_type\": 35, \"owner\": 1, \"intro\": \"Great news! The New York times has deployed HTTPS.\", \"date\": \"2016-09-21\", \"live\": false, \"slug\": \"new-york-times-deploys-https\", \"numchild\": 0, \"show_in_menus\": false, \"go_live_at\": null, \"search_description\": \"\", \"seo_title\": \"\", \"title\": \"New York Times deploys HTTPS\", \"latest_revision_created_at\": \"2016-09-20T18:07:27.456Z\", \"expired\": false, \"pk\": 8, \"first_published_at\": null, \"url_path\": \"/home/new-york-times-deploys-https/\", \"path\": \"000100010005\", \"body\": \"<p>Edison bulb prism green juice, locavore yuccie coloring book microdosing chia authentic man braid fingerstache asymmetrical. Locavore cold-pressed vegan pop-up, pok pok salvia poutine kinfolk farm-to-table. Ennui umami distillery, taxidermy bushwick fam 3 wolf moon enamel pin. Sustainable humblebrag air plant kickstarter. Fingerstache organic letterpress, iceland polaroid whatever mumblecore blue bottle pickled four loko banh mi. Mumblecore food truck twee celiac viral. Raclette cornhole coloring book, literally selvage next level ramps sartorial jianbing poke plaid hashtag vape.<br/></p>\"}",
        "approved_go_live_at": null
    }
},
{
    "model": "wagtailcore.pagerevision",
    "pk": 14,
    "fields": {
        "page": 8,
        "submitted_for_moderation": false,
        "created_at": "2016-09-20T19:26:52.873Z",
        "user": null,
        "content_json": "{\"has_unpublished_changes\": false, \"byline\": \"Garrett Robinson\", \"depth\": 3, \"locked\": false, \"expire_at\": null, \"content_type\": 35, \"owner\": 1, \"intro\": \"Great news! The New York times has deployed HTTPS.\", \"date\": \"2016-09-21\", \"live\": true, \"slug\": \"new-york-times-deploys-https\", \"numchild\": 0, \"show_in_menus\": false, \"go_live_at\": null, \"search_description\": \"\", \"seo_title\": \"\", \"title\": \"New York Times deploys HTTPS\", \"latest_revision_created_at\": \"2016-09-20T19:26:32.658Z\", \"expired\": false, \"pk\": 8, \"first_published_at\": \"2016-09-20T19:26:32.713Z\", \"url_path\": \"/home/new-york-times-deploys-https/\", \"path\": \"000100010005\", \"body\": \"<p>Edison bulb prism green juice, locavore yuccie coloring book microdosing chia authentic man braid fingerstache asymmetrical. Locavore cold-pressed vegan pop-up, pok pok salvia poutine kinfolk farm-to-table. Ennui umami distillery, taxidermy bushwick fam 3 wolf moon enamel pin. Sustainable humblebrag air plant kickstarter. Fingerstache organic letterpress, iceland polaroid whatever mumblecore blue bottle pickled four loko banh mi. Mumblecore food truck twee celiac viral. Raclette cornhole coloring book, literally selvage next level ramps sartorial jianbing poke plaid hashtag vape.<br/></p>\"}",
        "approved_go_live_at": null
    }
},
{
    "model": "wagtailcore.pagerevision",
    "pk": 15,
    "fields": {
        "page": 3,
        "submitted_for_moderation": false,
        "created_at": "2016-09-20T20:02:52.642Z",
        "user": null,
        "content_json": "{\"content_type\": 2, \"has_unpublished_changes\": false, \"why_body\": \"Blah blah\", \"numchild\": 5, \"path\": \"00010001\", \"expire_at\": null, \"why_header\": \"Encryption protects your readers\", \"how_body\": \"Blah blah\", \"url_path\": \"/home/\", \"expired\": false, \"how_header\": \"Switching to HTTPS is easier than ever\", \"owner\": null, \"live\": true, \"main_title\": \"Every news site should be secure.\", \"show_in_menus\": false, \"search_description\": \"\", \"locked\": false, \"pk\": 3, \"seo_title\": \"\", \"depth\": 2, \"title\": \"Secure The News\", \"sub_title\": \"It's critical for both journalists and readers.\", \"go_live_at\": null, \"slug\": \"home\", \"first_published_at\": null, \"latest_revision_created_at\": null}",
        "approved_go_live_at": null
    }
},
{
    "model": "wagtailcore.pagerevision",
    "pk": 16,
    "fields": {
        "page": 9,
        "submitted_for_moderation": false,
        "created_at": "2016-09-20T20:03:18.603Z",
        "user": null,
        "content_json": "{\"show_in_menus\": false, \"has_unpublished_changes\": false, \"search_description\": \"\", \"latest_revision_created_at\": null, \"path\": \"000100010006\", \"expire_at\": null, \"go_live_at\": null, \"url_path\": \"/home/blog/\", \"pk\": 9, \"expired\": false, \"first_published_at\": null, \"depth\": 3, \"title\": \"Blog\", \"owner\": 1, \"live\": true, \"content_type\": 36, \"slug\": \"blog\", \"locked\": false, \"seo_title\": \"\", \"numchild\": 0}",
        "approved_go_live_at": null
    }
},
{
    "model": "wagtailcore.pagerevision",
    "pk": 17,
    "fields": {
        "page": 10,
        "submitted_for_moderation": false,
        "created_at": "2016-09-20T20:18:14.646Z",
        "user": null,
        "content_json": "{\"slug\": \"google-marks-https-insecure\", \"depth\": 4, \"first_published_at\": null, \"has_unpublished_changes\": false, \"owner\": 1, \"expired\": false, \"path\": \"0001000100060002\", \"body\": \"<p>Schlitz hexagon gentrify blue bottle live-edge tumeric, synth jean shorts viral raclette glossier kitsch fap cold-pressed. Kitsch letterpress chicharrones brooklyn succulents, fingerstache XOXO fap brunch meh seitan four loko drinking vinegar prism next level. Raclette put a bird on it meditation wayfarers. Post-ironic umami distillery, kinfolk selvage lumbersexual art party hell of direct trade fap. Pitchfork gochujang lo-fi vape. Retro kale chips bushwick try-hard, meditation before they sold out banjo. Occupy unicorn ennui artisan, master cleanse lomo iPhone tilde readymade pour-over microdosing.</p><p>Next level church-key small batch paleo artisan, bitters man bun tattooed celiac jean shorts. Vaporware truffaut try-hard, blue bottle synth everyday carry lyft scenester cold-pressed pinterest venmo. Listicle keffiyeh farm-to-table gluten-free, fanny pack migas hashtag typewriter biodiesel glossier lo-fi. Tote bag celiac chicharrones chillwave, hashtag 90's XOXO godard activated charcoal heirloom vinyl tumblr chia cold-pressed. Next level knausgaard poutine, intelligentsia keffiyeh snackwave venmo etsy salvia artisan occupy. Polaroid distillery succulents +1 artisan. Authentic portland VHS poke gluten-free chambray, distillery butcher four dollar toast.</p><p>3 wolf moon cronut etsy, gluten-free art party literally bespoke plaid DIY actually. Ennui ugh blog four loko lyft, vice hoodie. Ramps irony street art fashion axe. Plaid shabby chic asymmetrical scenester green juice pug, occupy tote bag. Polaroid plaid sartorial, neutra kitsch tbh air plant. Hexagon live-edge pour-over, snackwave hell of health goth art party single-origin coffee seitan gluten-free plaid XOXO tofu flannel. Vinyl 8-bit tofu heirloom, flexitarian marfa plaid gochujang lyft mumblecore ramps woke.</p><p>Selvage franzen health goth vinyl subway tile vape, chartreuse tofu man bun selfies lomo cray butcher pabst. Next level bushwick mustache photo booth. Scenester kitsch mumblecore roof party hot chicken everyday carry. Austin occupy seitan, 3 wolf moon leggings unicorn hashtag photo booth before they sold out. Bitters hashtag blue bottle, forage church-key cred activated charcoal mlkshk man bun lomo affogato disrupt fap. Food truck single-origin coffee la croix bitters fingerstache truffaut, chambray lyft hot chicken meh. Artisan organic pitchfork, you probably haven't heard of them pop-up meggings before they sold out sartorial mlkshk air plant.</p>\", \"content_type\": 35, \"locked\": false, \"go_live_at\": null, \"byline\": \"Conor Schafer\", \"date\": \"2016-09-20\", \"pk\": 10, \"live\": false, \"search_description\": \"\", \"expire_at\": null, \"latest_revision_created_at\": null, \"title\": \"Google marks HTTPS as \\\"insecure\\\"\", \"url_path\": \"/home/blog/google-marks-https-insecure/\", \"show_in_menus\": false, \"seo_title\": \"\", \"numchild\": 0}",
        "approved_go_live_at": null
    }
},
{
    "model": "wagtailcore.pagerevision",
    "pk": 18,
    "fields": {
        "page": 10,
        "submitted_for_moderation": false,
        "created_at": "2016-09-20T20:19:10.754Z",
        "user": null,
        "content_json": "{\"slug\": \"google-chrome-labels-http-insecure\", \"depth\": 4, \"first_published_at\": null, \"has_unpublished_changes\": true, \"owner\": 1, \"expired\": false, \"path\": \"0001000100060002\", \"body\": \"<p>Schlitz hexagon gentrify blue bottle live-edge tumeric, synth jean shorts viral raclette glossier kitsch fap cold-pressed. Kitsch letterpress chicharrones brooklyn succulents, fingerstache XOXO fap brunch meh seitan four loko drinking vinegar prism next level. Raclette put a bird on it meditation wayfarers. Post-ironic umami distillery, kinfolk selvage lumbersexual art party hell of direct trade fap. Pitchfork gochujang lo-fi vape. Retro kale chips bushwick try-hard, meditation before they sold out banjo. Occupy unicorn ennui artisan, master cleanse lomo iPhone tilde readymade pour-over microdosing.</p><p>Next level church-key small batch paleo artisan, bitters man bun tattooed celiac jean shorts. Vaporware truffaut try-hard, blue bottle synth everyday carry lyft scenester cold-pressed pinterest venmo. Listicle keffiyeh farm-to-table gluten-free, fanny pack migas hashtag typewriter biodiesel glossier lo-fi. Tote bag celiac chicharrones chillwave, hashtag 90's XOXO godard activated charcoal heirloom vinyl tumblr chia cold-pressed. Next level knausgaard poutine, intelligentsia keffiyeh snackwave venmo etsy salvia artisan occupy. Polaroid distillery succulents +1 artisan. Authentic portland VHS poke gluten-free chambray, distillery butcher four dollar toast.</p><p>3 wolf moon cronut etsy, gluten-free art party literally bespoke plaid DIY actually. Ennui ugh blog four loko lyft, vice hoodie. Ramps irony street art fashion axe. Plaid shabby chic asymmetrical scenester green juice pug, occupy tote bag. Polaroid plaid sartorial, neutra kitsch tbh air plant. Hexagon live-edge pour-over, snackwave hell of health goth art party single-origin coffee seitan gluten-free plaid XOXO tofu flannel. Vinyl 8-bit tofu heirloom, flexitarian marfa plaid gochujang lyft mumblecore ramps woke.</p><p>Selvage franzen health goth vinyl subway tile vape, chartreuse tofu man bun selfies lomo cray butcher pabst. Next level bushwick mustache photo booth. Scenester kitsch mumblecore roof party hot chicken everyday carry. Austin occupy seitan, 3 wolf moon leggings unicorn hashtag photo booth before they sold out. Bitters hashtag blue bottle, forage church-key cred activated charcoal mlkshk man bun lomo affogato disrupt fap. Food truck single-origin coffee la croix bitters fingerstache truffaut, chambray lyft hot chicken meh. Artisan organic pitchfork, you probably haven't heard of them pop-up meggings before they sold out sartorial mlkshk air plant.</p>\", \"content_type\": 35, \"locked\": false, \"go_live_at\": null, \"byline\": \"Conor Schafer\", \"date\": \"2016-09-20\", \"pk\": 10, \"live\": false, \"search_description\": \"\", \"expire_at\": null, \"latest_revision_created_at\": \"2016-09-20T20:18:14.646Z\", \"title\": \"Google Chrome labels HTTP \\\"insecure\\\"\", \"url_path\": \"/home/blog/google-marks-https-insecure/\", \"show_in_menus\": false, \"seo_title\": \"\", \"numchild\": 0}",
        "approved_go_live_at": null
    }
},
{
    "model": "wagtailcore.pagerevision",
    "pk": 19,
    "fields": {
        "page": 10,
        "submitted_for_moderation": false,
        "created_at": "2016-09-20T20:37:06.871Z",
        "user": null,
        "content_json": "{\"slug\": \"google-chrome-labels-http-insecure\", \"depth\": 4, \"first_published_at\": null, \"has_unpublished_changes\": true, \"owner\": 1, \"expired\": false, \"path\": \"0001000100060002\", \"body\": \"<p>Schlitz hexagon gentrify blue bottle live-edge tumeric, synth jean shorts viral raclette glossier kitsch fap cold-pressed. Kitsch letterpress chicharrones brooklyn succulents, fingerstache XOXO fap brunch meh seitan four loko drinking vinegar prism next level. Raclette put a bird on it meditation wayfarers. Post-ironic umami distillery, kinfolk selvage lumbersexual art party hell of direct trade fap. Pitchfork gochujang lo-fi vape. Retro kale chips bushwick try-hard, meditation before they sold out banjo. Occupy unicorn ennui artisan, master cleanse lomo iPhone tilde readymade pour-over microdosing.</p><p>Next level church-key small batch paleo artisan, bitters man bun tattooed celiac jean shorts. Vaporware truffaut try-hard, blue bottle synth everyday carry lyft scenester cold-pressed pinterest venmo. Listicle keffiyeh farm-to-table gluten-free, fanny pack migas hashtag typewriter biodiesel glossier lo-fi. Tote bag celiac chicharrones chillwave, hashtag 90's XOXO godard activated charcoal heirloom vinyl tumblr chia cold-pressed. Next level knausgaard poutine, intelligentsia keffiyeh snackwave venmo etsy salvia artisan occupy. Polaroid distillery succulents +1 artisan. Authentic portland VHS poke gluten-free chambray, distillery butcher four dollar toast.</p><p>3 wolf moon cronut etsy, gluten-free art party literally bespoke plaid DIY actually. Ennui ugh blog four loko lyft, vice hoodie. Ramps irony street art fashion axe. Plaid shabby chic asymmetrical scenester green juice pug, occupy tote bag. Polaroid plaid sartorial, neutra kitsch tbh air plant. Hexagon live-edge pour-over, snackwave hell of health goth art party single-origin coffee seitan gluten-free plaid XOXO tofu flannel. Vinyl 8-bit tofu heirloom, flexitarian marfa plaid gochujang lyft mumblecore ramps woke.</p><p>Selvage franzen health goth vinyl subway tile vape, chartreuse tofu man bun selfies lomo cray butcher pabst. Next level bushwick mustache photo booth. Scenester kitsch mumblecore roof party hot chicken everyday carry. Austin occupy seitan, 3 wolf moon leggings unicorn hashtag photo booth before they sold out. Bitters hashtag blue bottle, forage church-key cred activated charcoal mlkshk man bun lomo affogato disrupt fap. Food truck single-origin coffee la croix bitters fingerstache truffaut, chambray lyft hot chicken meh. Artisan organic pitchfork, you probably haven't heard of them pop-up meggings before they sold out sartorial mlkshk air plant.</p>\", \"content_type\": 35, \"locked\": false, \"go_live_at\": null, \"byline\": \"Conor Schafer\", \"date\": \"2016-09-20\", \"pk\": 10, \"live\": false, \"search_description\": \"\", \"expire_at\": null, \"latest_revision_created_at\": \"2016-09-20T20:19:10.754Z\", \"title\": \"Google Chrome labels HTTP \\\"insecure\\\"\", \"url_path\": \"/home/blog/google-chrome-labels-http-insecure/\", \"show_in_menus\": false, \"seo_title\": \"\", \"numchild\": 0}",
        "approved_go_live_at": null
    }
},
{
    "model": "wagtailcore.pagerevision",
    "pk": 20,
    "fields": {
        "page": 4,
        "submitted_for_moderation": false,
        "created_at": "2016-09-22T23:19:48.560Z",
        "user": [
            "admin"
        ],
        "content_json": "{\"owner\": null, \"go_live_at\": null, \"content_type\": 6, \"depth\": 3, \"show_in_menus\": true, \"locked\": false, \"live\": true, \"body\": \"<p>Intelligentsia pinterest ugh, letterpress hammock chartreuse woke swag direct trade deep v you probably haven't heard of them vaporware scenester. Meh flexitarian synth, master cleanse keffiyeh hell of brunch next level af pork belly. Skateboard etsy pinterest, flannel intelligentsia selvage hammock leggings tilde brooklyn dreamcatcher tumblr +1 vice. Gluten-free chambray chia vinyl, tousled flannel pinterest ethical. Scenester actually viral vaporware forage, brooklyn +1 freegan chartreuse quinoa banh mi. Heirloom paleo ramps vegan, marfa asymmetrical fap kale chips. Semiotics street art bicycle rights freegan.</p><p>Tacos shoreditch selvage vape, salvia skateboard trust fund 90's meditation. Pork belly subway tile wolf taxidermy. Gochujang drinking vinegar quinoa, shabby chic godard poke gentrify kale chips disrupt. Narwhal fixie aesthetic bespoke, typewriter pork belly put a bird on it pop-up green juice poke snackwave master cleanse organic gastropub. Blog microdosing polaroid pabst, bespoke master cleanse kombucha authentic kickstarter slow-carb. Poke coloring book selfies salvia, cliche street art whatever direct trade. Fingerstache sustainable occupy franzen, enamel pin mixtape vaporware cronut raclette.</p><p>Pop-up raclette man braid, blue bottle swag disrupt cornhole fashion axe VHS master cleanse tousled vinyl ennui ugh artisan. Blue bottle you probably haven't heard of them selfies chambray blog. Wolf sartorial cliche squid +1. Unicorn forage raw denim street art, irony tacos occupy williamsburg distillery ramps. Waistcoat 8-bit paleo raclette, gochujang blog cliche roof party. Echo park gastropub af schlitz 3 wolf moon celiac. Put a bird on it +1 intelligentsia, sartorial narwhal aesthetic quinoa.</p>\", \"title\": \"Why?\", \"seo_title\": \"\", \"path\": \"000100010001\", \"sub_header\": \"Why should news organizations deploy HTTPS?\", \"has_unpublished_changes\": false, \"first_published_at\": \"2016-09-15T22:45:31.503Z\", \"slug\": \"why\", \"latest_revision_created_at\": \"2016-09-19T23:29:36.931Z\", \"button_target\": null, \"button_text\": \"Deploy it now!\", \"expired\": false, \"pk\": 4, \"search_description\": \"\", \"url_path\": \"/home/why/\", \"numchild\": 0, \"expire_at\": null}",
        "approved_go_live_at": null
    }
},
{
    "model": "wagtailcore.pagerevision",
    "pk": 21,
    "fields": {
        "page": 3,
        "submitted_for_moderation": false,
        "created_at": "2016-09-22T23:21:19.277Z",
        "user": [
            "admin"
        ],
        "content_json": "{\"owner\": null, \"go_live_at\": null, \"content_type\": 2, \"depth\": 2, \"show_in_menus\": false, \"live\": true, \"why_body\": \"Blah blah\", \"locked\": false, \"main_title\": \"Edward Snowden should be pardoned.\", \"title\": \"Secure The News\", \"seo_title\": \"\", \"path\": \"00010001\", \"why_header\": \"Encryption protects your readers\", \"has_unpublished_changes\": false, \"first_published_at\": \"2016-09-20T20:02:52.717Z\", \"slug\": \"home\", \"sub_title\": \"It's critical for both journalists and readers.\", \"latest_revision_created_at\": \"2016-09-20T20:02:52.642Z\", \"how_header\": \"Switching to HTTPS is easier than ever\", \"how_body\": \"Blah blah\", \"expired\": false, \"pk\": 3, \"search_description\": \"\", \"url_path\": \"/home/\", \"numchild\": 5, \"expire_at\": null}",
        "approved_go_live_at": null
    }
},
{
    "model": "wagtailcore.pagerevision",
    "pk": 22,
    "fields": {
        "page": 3,
        "submitted_for_moderation": false,
        "created_at": "2016-09-22T23:21:40.294Z",
        "user": [
            "admin"
        ],
        "content_json": "{\"owner\": null, \"go_live_at\": null, \"content_type\": 2, \"depth\": 2, \"show_in_menus\": false, \"live\": true, \"why_body\": \"Blah blah\", \"locked\": false, \"main_title\": \"Every news site should be secure.\", \"title\": \"Secure The News\", \"seo_title\": \"\", \"path\": \"00010001\", \"why_header\": \"Encryption protects your readers\", \"has_unpublished_changes\": false, \"first_published_at\": \"2016-09-20T20:02:52.717Z\", \"slug\": \"home\", \"sub_title\": \"It's critical for both journalists and readers.\", \"latest_revision_created_at\": \"2016-09-22T23:21:19.277Z\", \"how_header\": \"Switching to HTTPS is easier than ever\", \"how_body\": \"Blah blah\", \"expired\": false, \"pk\": 3, \"search_description\": \"\", \"url_path\": \"/home/\", \"numchild\": 5, \"expire_at\": null}",
        "approved_go_live_at": null
    }
},
{
    "model": "wagtailcore.pagerevision",
    "pk": 23,
    "fields": {
        "page": 3,
        "submitted_for_moderation": false,
        "created_at": "2016-09-22T23:21:49.143Z",
        "user": [
            "admin"
        ],
        "content_json": "{\"owner\": null, \"go_live_at\": null, \"content_type\": 2, \"depth\": 2, \"show_in_menus\": false, \"live\": true, \"why_body\": \"Blah blah\", \"locked\": false, \"main_title\": \"Every news site should be secure.\", \"title\": \"Secure The News\", \"seo_title\": \"\", \"path\": \"00010001\", \"why_header\": \"Encryption protects your readers\", \"has_unpublished_changes\": true, \"first_published_at\": \"2016-09-20T20:02:52.717Z\", \"slug\": \"home\", \"sub_title\": \"It's critical for both journalists and readers.\", \"latest_revision_created_at\": \"2016-09-22T23:21:40.294Z\", \"how_header\": \"Switching to HTTPS is easier than ever\", \"how_body\": \"Blah blah\", \"expired\": false, \"pk\": 3, \"search_description\": \"\", \"url_path\": \"/home/\", \"numchild\": 5, \"expire_at\": null}",
        "approved_go_live_at": null
    }
},
{
    "model": "wagtailcore.pagerevision",
    "pk": 25,
    "fields": {
        "page": 5,
        "submitted_for_moderation": false,
        "created_at": "2016-09-22T23:46:55.786Z",
        "user": [
            "admin"
        ],
        "content_json": "{\"owner\": null, \"go_live_at\": null, \"content_type\": 6, \"depth\": 3, \"show_in_menus\": true, \"locked\": false, \"live\": true, \"body\": \"<p>Everyday carry kitsch portland, twee brunch four dollar toast mustache humblebrag. Succulents semiotics kale chips glossier. Chartreuse VHS meditation, put a bird on it schlitz roof party echo park chillwave shabby chic photo booth venmo wayfarers. Quinoa ugh enamel pin twee skateboard, vinyl bespoke fashion axe chambray. Organic lyft church-key, williamsburg authentic put a bird on it meggings tousled cliche craft beer cred chicharrones gluten-free tumblr. Ennui lomo chicharrones, viral gochujang freegan edison bulb hoodie kogi synth. Letterpress PBR&amp;B coloring book sriracha you probably haven't heard of them bicycle rights actually narwhal fixie tbh.</p><p>Green juice viral 8-bit, selfies put a bird on it swag live-edge authentic keffiyeh sriracha poke tofu. Paleo hexagon lumbersexual vice, raw denim dreamcatcher synth mlkshk iceland gluten-free ennui swag. Retro sartorial cronut, pop-up ugh lumbersexual salvia migas asymmetrical. Poutine chillwave neutra, prism ramps humblebrag health goth. Knausgaard godard lomo leggings, cardigan kombucha etsy banjo edison bulb. Gochujang flexitarian live-edge, occupy vape readymade biodiesel YOLO post-ironic tumblr lyft mumblecore. Bushwick church-key 90's, farm-to-table mustache kickstarter twee wayfarers tumeric neutra humblebrag meditation lumbersexual salvia etsy.</p><p>Sriracha YOLO forage health goth knausgaard pour-over. Man bun lumbersexual listicle pork belly fam sustainable. Try-hard live-edge lomo, swag retro vegan typewriter pitchfork selvage. XOXO yuccie cronut, hashtag farm-to-table small batch irony literally mlkshk shabby chic sartorial ethical subway tile synth. Swag 3 wolf moon neutra, migas yuccie slow-carb literally fam street art chartreuse tousled. Bicycle rights iPhone kale chips chambray mumblecore. Craft beer humblebrag subway tile, deep v slow-carb chambray aesthetic letterpress.</p><p>Lo-fi single-origin coffee scenester hella meggings put a bird on it. Biodiesel church-key XOXO, live-edge pop-up cold-pressed etsy hot chicken knausgaard copper mug taxidermy polaroid normcore microdosing fam. Salvia coloring book jianbing, blog freegan heirloom bespoke hammock portland tumeric. Jianbing gochujang iPhone, mixtape hella subway tile blog brunch. Godard typewriter subway tile, gentrify ethical etsy activated charcoal vaporware health goth occupy freegan kitsch drinking vinegar. Tumblr shoreditch organic, bicycle rights you probably haven't heard of them gochujang cronut keytar squid. Venmo pug meh sustainable small batch.</p>\", \"title\": \"How\", \"seo_title\": \"\", \"path\": \"000100010002\", \"sub_header\": \"How do we do stuff?\", \"has_unpublished_changes\": false, \"first_published_at\": \"2016-09-19T22:23:39.475Z\", \"slug\": \"how\", \"latest_revision_created_at\": \"2016-09-19T23:29:29.226Z\", \"button_target\": null, \"button_text\": \"Ugh\", \"expired\": false, \"pk\": 5, \"search_description\": \"\", \"url_path\": \"/home/how/\", \"numchild\": 0, \"expire_at\": null}",
        "approved_go_live_at": null
    }
},
{
    "model": "wagtailcore.page",
    "pk": 1,
    "fields": {
        "path": "0001",
        "depth": 1,
        "numchild": 1,
        "title": "Root",
        "slug": "root",
        "content_type": [
            "wagtailcore",
            "page"
        ],
        "live": true,
        "has_unpublished_changes": false,
        "url_path": "/",
        "owner": null,
        "seo_title": "",
        "show_in_menus": false,
        "search_description": "",
        "go_live_at": null,
        "expire_at": null,
        "expired": false,
        "locked": false,
        "first_published_at": null,
        "latest_revision_created_at": null
    }
},
{
    "model": "wagtailcore.page",
    "pk": 3,
    "fields": {
        "path": "00010001",
        "depth": 2,
        "numchild": 5,
        "title": "Secure The News",
        "slug": "home",
        "content_type": [
            "home",
            "homepage"
        ],
        "live": true,
        "has_unpublished_changes": false,
        "url_path": "/home/",
        "owner": null,
        "seo_title": "",
        "show_in_menus": false,
        "search_description": "",
        "go_live_at": null,
        "expire_at": null,
        "expired": false,
        "locked": false,
        "first_published_at": "2016-09-20T20:02:52.717Z",
        "latest_revision_created_at": "2016-09-22T23:21:49.143Z"
    }
},
{
    "model": "wagtailcore.page",
    "pk": 4,
    "fields": {
        "path": "000100010001",
        "depth": 3,
        "numchild": 0,
        "title": "Why?",
        "slug": "why",
        "content_type": [
            "home",
            "contentpage"
        ],
        "live": true,
        "has_unpublished_changes": false,
        "url_path": "/home/why/",
        "owner": null,
        "seo_title": "",
        "show_in_menus": true,
        "search_description": "",
        "go_live_at": null,
        "expire_at": null,
        "expired": false,
        "locked": false,
        "first_published_at": "2016-09-15T22:45:31.503Z",
        "latest_revision_created_at": "2016-09-22T23:19:48.560Z"
    }
},
{
    "model": "wagtailcore.page",
    "pk": 5,
    "fields": {
        "path": "000100010002",
        "depth": 3,
        "numchild": 0,
        "title": "How",
        "slug": "how",
        "content_type": [
            "home",
            "contentpage"
        ],
        "live": true,
        "has_unpublished_changes": false,
        "url_path": "/home/how/",
        "owner": null,
        "seo_title": "",
        "show_in_menus": true,
        "search_description": "",
        "go_live_at": null,
        "expire_at": null,
        "expired": false,
        "locked": false,
        "first_published_at": "2016-09-19T22:23:39.475Z",
        "latest_revision_created_at": "2016-09-22T23:46:55.786Z"
    }
},
{
    "model": "wagtailcore.page",
    "pk": 6,
    "fields": {
        "path": "000100010003",
        "depth": 3,
        "numchild": 0,
        "title": "Stats",
        "slug": "stats",
        "content_type": [
            "home",
            "contentpage"
        ],
        "live": true,
        "has_unpublished_changes": false,
        "url_path": "/home/stats/",
        "owner": null,
        "seo_title": "",
        "show_in_menus": true,
        "search_description": "",
        "go_live_at": null,
        "expire_at": null,
        "expired": false,
        "locked": false,
        "first_published_at": "2016-09-19T22:24:07.657Z",
        "latest_revision_created_at": "2016-09-19T23:28:57.183Z"
    }
},
{
    "model": "wagtailcore.page",
    "pk": 7,
    "fields": {
        "path": "000100010004",
        "depth": 3,
        "numchild": 0,
        "title": "About",
        "slug": "about",
        "content_type": [
            "home",
            "contentpage"
        ],
        "live": true,
        "has_unpublished_changes": false,
        "url_path": "/home/about/",
        "owner": null,
        "seo_title": "",
        "show_in_menus": true,
        "search_description": "",
        "go_live_at": null,
        "expire_at": null,
        "expired": false,
        "locked": false,
        "first_published_at": "2016-09-19T22:25:19.550Z",
        "latest_revision_created_at": "2016-09-19T23:29:21.529Z"
    }
},
{
    "model": "wagtailcore.page",
    "pk": 8,
    "fields": {
        "path": "0001000100060001",
        "depth": 4,
        "numchild": 0,
        "title": "New York Times deploys HTTPS",
        "slug": "new-york-times-deploys-https",
        "content_type": [
            "blog",
            "blogpost"
        ],
        "live": true,
        "has_unpublished_changes": true,
        "url_path": "/home/blog/new-york-times-deploys-https/",
        "owner": null,
        "seo_title": "",
        "show_in_menus": false,
        "search_description": "",
        "go_live_at": null,
        "expire_at": null,
        "expired": false,
        "locked": false,
        "first_published_at": "2016-09-20T19:26:32.713Z",
        "latest_revision_created_at": "2016-09-20T19:26:52.873Z"
    }
},
{
    "model": "wagtailcore.page",
    "pk": 9,
    "fields": {
        "path": "000100010006",
        "depth": 3,
        "numchild": 2,
        "title": "Blog",
        "slug": "blog",
        "content_type": [
            "blog",
            "blogindexpage"
        ],
        "live": true,
        "has_unpublished_changes": false,
        "url_path": "/home/blog/",
        "owner": null,
        "seo_title": "",
        "show_in_menus": false,
        "search_description": "",
        "go_live_at": null,
        "expire_at": null,
        "expired": false,
        "locked": false,
        "first_published_at": "2016-09-20T20:03:18.683Z",
        "latest_revision_created_at": "2016-09-20T20:03:18.603Z"
    }
},
{
    "model": "wagtailcore.page",
    "pk": 10,
    "fields": {
        "path": "0001000100060002",
        "depth": 4,
        "numchild": 0,
        "title": "Google Chrome labels HTTP \"insecure\"",
        "slug": "google-chrome-labels-http-insecure",
        "content_type": [
            "blog",
            "blogpost"
        ],
        "live": true,
        "has_unpublished_changes": false,
        "url_path": "/home/blog/google-chrome-labels-http-insecure/",
        "owner": null,
        "seo_title": "",
        "show_in_menus": false,
        "search_description": "",
        "go_live_at": null,
        "expire_at": null,
        "expired": false,
        "locked": false,
        "first_published_at": "2016-09-20T20:37:06.930Z",
        "latest_revision_created_at": "2016-09-20T20:37:06.871Z"
    }
},
{
    "model": "blog.blogindexpage",
    "pk": 9,
    "fields": {}
},
{
    "model": "blog.blogpost",
    "pk": 8,
    "fields": {
        "date": "2016-09-21",
        "byline": "Garrett Robinson",
        "body": "<p>Edison bulb prism green juice, locavore yuccie coloring book microdosing chia authentic man braid fingerstache asymmetrical. Locavore cold-pressed vegan pop-up, pok pok salvia poutine kinfolk farm-to-table. Ennui umami distillery, taxidermy bushwick fam 3 wolf moon enamel pin. Sustainable humblebrag air plant kickstarter. Fingerstache organic letterpress, iceland polaroid whatever mumblecore blue bottle pickled four loko banh mi. Mumblecore food truck twee celiac viral. Raclette cornhole coloring book, literally selvage next level ramps sartorial jianbing poke plaid hashtag vape.<br/></p>"
    }
},
{
    "model": "blog.blogpost",
    "pk": 10,
    "fields": {
        "date": "2016-09-20",
        "byline": "Conor Schafer",
        "body": "<p>Schlitz hexagon gentrify blue bottle live-edge tumeric, synth jean shorts viral raclette glossier kitsch fap cold-pressed. Kitsch letterpress chicharrones brooklyn succulents, fingerstache XOXO fap brunch meh seitan four loko drinking vinegar prism next level. Raclette put a bird on it meditation wayfarers. Post-ironic umami distillery, kinfolk selvage lumbersexual art party hell of direct trade fap. Pitchfork gochujang lo-fi vape. Retro kale chips bushwick try-hard, meditation before they sold out banjo. Occupy unicorn ennui artisan, master cleanse lomo iPhone tilde readymade pour-over microdosing.</p><p>Next level church-key small batch paleo artisan, bitters man bun tattooed celiac jean shorts. Vaporware truffaut try-hard, blue bottle synth everyday carry lyft scenester cold-pressed pinterest venmo. Listicle keffiyeh farm-to-table gluten-free, fanny pack migas hashtag typewriter biodiesel glossier lo-fi. Tote bag celiac chicharrones chillwave, hashtag 90's XOXO godard activated charcoal heirloom vinyl tumblr chia cold-pressed. Next level knausgaard poutine, intelligentsia keffiyeh snackwave venmo etsy salvia artisan occupy. Polaroid distillery succulents +1 artisan. Authentic portland VHS poke gluten-free chambray, distillery butcher four dollar toast.</p><p>3 wolf moon cronut etsy, gluten-free art party literally bespoke plaid DIY actually. Ennui ugh blog four loko lyft, vice hoodie. Ramps irony street art fashion axe. Plaid shabby chic asymmetrical scenester green juice pug, occupy tote bag. Polaroid plaid sartorial, neutra kitsch tbh air plant. Hexagon live-edge pour-over, snackwave hell of health goth art party single-origin coffee seitan gluten-free plaid XOXO tofu flannel. Vinyl 8-bit tofu heirloom, flexitarian marfa plaid gochujang lyft mumblecore ramps woke.</p><p>Selvage franzen health goth vinyl subway tile vape, chartreuse tofu man bun selfies lomo cray butcher pabst. Next level bushwick mustache photo booth. Scenester kitsch mumblecore roof party hot chicken everyday carry. Austin occupy seitan, 3 wolf moon leggings unicorn hashtag photo booth before they sold out. Bitters hashtag blue bottle, forage church-key cred activated charcoal mlkshk man bun lomo affogato disrupt fap. Food truck single-origin coffee la croix bitters fingerstache truffaut, chambray lyft hot chicken meh. Artisan organic pitchfork, you probably haven't heard of them pop-up meggings before they sold out sartorial mlkshk air plant.</p>"
    }
},
{
    "model": "home.contentpage",
    "pk": 4,
    "fields": {
        "sub_header": "Why should news organizations deploy HTTPS?",
        "body": "<p>Intelligentsia pinterest ugh, letterpress hammock chartreuse woke swag direct trade deep v you probably haven't heard of them vaporware scenester. Meh flexitarian synth, master cleanse keffiyeh hell of brunch next level af pork belly. Skateboard etsy pinterest, flannel intelligentsia selvage hammock leggings tilde brooklyn dreamcatcher tumblr +1 vice. Gluten-free chambray chia vinyl, tousled flannel pinterest ethical. Scenester actually viral vaporware forage, brooklyn +1 freegan chartreuse quinoa banh mi. Heirloom paleo ramps vegan, marfa asymmetrical fap kale chips. Semiotics street art bicycle rights freegan.</p><p>Tacos shoreditch selvage vape, salvia skateboard trust fund 90's meditation. Pork belly subway tile wolf taxidermy. Gochujang drinking vinegar quinoa, shabby chic godard poke gentrify kale chips disrupt. Narwhal fixie aesthetic bespoke, typewriter pork belly put a bird on it pop-up green juice poke snackwave master cleanse organic gastropub. Blog microdosing polaroid pabst, bespoke master cleanse kombucha authentic kickstarter slow-carb. Poke coloring book selfies salvia, cliche street art whatever direct trade. Fingerstache sustainable occupy franzen, enamel pin mixtape vaporware cronut raclette.</p><p>Pop-up raclette man braid, blue bottle swag disrupt cornhole fashion axe VHS master cleanse tousled vinyl ennui ugh artisan. Blue bottle you probably haven't heard of them selfies chambray blog. Wolf sartorial cliche squid +1. Unicorn forage raw denim street art, irony tacos occupy williamsburg distillery ramps. Waistcoat 8-bit paleo raclette, gochujang blog cliche roof party. Echo park gastropub af schlitz 3 wolf moon celiac. Put a bird on it +1 intelligentsia, sartorial narwhal aesthetic quinoa.</p>",
        "button_text": "Deploy it now!",
        "button_target": null
    }
},
{
    "model": "home.contentpage",
    "pk": 5,
    "fields": {
        "sub_header": "How do we do stuff?",
        "body": "<p>Everyday carry kitsch portland, twee brunch four dollar toast mustache humblebrag. Succulents semiotics kale chips glossier. Chartreuse VHS meditation, put a bird on it schlitz roof party echo park chillwave shabby chic photo booth venmo wayfarers. Quinoa ugh enamel pin twee skateboard, vinyl bespoke fashion axe chambray. Organic lyft church-key, williamsburg authentic put a bird on it meggings tousled cliche craft beer cred chicharrones gluten-free tumblr. Ennui lomo chicharrones, viral gochujang freegan edison bulb hoodie kogi synth. Letterpress PBR&amp;B coloring book sriracha you probably haven't heard of them bicycle rights actually narwhal fixie tbh.</p><p>Green juice viral 8-bit, selfies put a bird on it swag live-edge authentic keffiyeh sriracha poke tofu. Paleo hexagon lumbersexual vice, raw denim dreamcatcher synth mlkshk iceland gluten-free ennui swag. Retro sartorial cronut, pop-up ugh lumbersexual salvia migas asymmetrical. Poutine chillwave neutra, prism ramps humblebrag health goth. Knausgaard godard lomo leggings, cardigan kombucha etsy banjo edison bulb. Gochujang flexitarian live-edge, occupy vape readymade biodiesel YOLO post-ironic tumblr lyft mumblecore. Bushwick church-key 90's, farm-to-table mustache kickstarter twee wayfarers tumeric neutra humblebrag meditation lumbersexual salvia etsy.</p><p>Sriracha YOLO forage health goth knausgaard pour-over. Man bun lumbersexual listicle pork belly fam sustainable. Try-hard live-edge lomo, swag retro vegan typewriter pitchfork selvage. XOXO yuccie cronut, hashtag farm-to-table small batch irony literally mlkshk shabby chic sartorial ethical subway tile synth. Swag 3 wolf moon neutra, migas yuccie slow-carb literally fam street art chartreuse tousled. Bicycle rights iPhone kale chips chambray mumblecore. Craft beer humblebrag subway tile, deep v slow-carb chambray aesthetic letterpress.</p><p>Lo-fi single-origin coffee scenester hella meggings put a bird on it. Biodiesel church-key XOXO, live-edge pop-up cold-pressed etsy hot chicken knausgaard copper mug taxidermy polaroid normcore microdosing fam. Salvia coloring book jianbing, blog freegan heirloom bespoke hammock portland tumeric. Jianbing gochujang iPhone, mixtape hella subway tile blog brunch. Godard typewriter subway tile, gentrify ethical etsy activated charcoal vaporware health goth occupy freegan kitsch drinking vinegar. Tumblr shoreditch organic, bicycle rights you probably haven't heard of them gochujang cronut keytar squid. Venmo pug meh sustainable small batch.</p>",
        "button_text": "Ugh",
        "button_target": null
    }
},
{
    "model": "home.contentpage",
    "pk": 6,
    "fields": {
        "sub_header": "This is the leaderboard?",
        "body": "<p>Small batch squid tacos four dollar toast kogi keytar. Snackwave irony post-ironic tattooed prism. Seitan cold-pressed kogi plaid. Biodiesel tote bag mixtape air plant church-key, kitsch paleo affogato truffaut cronut. Enamel pin fam bitters, waistcoat cold-pressed cronut gluten-free hella sustainable roof party. Helvetica bespoke shoreditch migas cred humblebrag whatever. Poutine quinoa thundercats, try-hard jean shorts kombucha neutra retro chillwave semiotics tumblr.<br/></p>",
        "button_text": "ugh",
        "button_target": null
    }
},
{
    "model": "home.contentpage",
    "pk": 7,
    "fields": {
        "sub_header": "What is this thing, anyway?",
        "body": "<p>Irony roof party fashion axe, pickled iceland tumeric selvage skateboard activated charcoal shabby chic meh knausgaard meditation thundercats. Skateboard pop-up semiotics slow-carb, squid knausgaard live-edge. 90's bushwick subway tile yuccie gochujang, prism heirloom pabst vinyl messenger bag. Umami flexitarian fam hell of messenger bag sustainable af, vape readymade. Food truck flexitarian roof party you probably haven't heard of them bicycle rights, banh mi blue bottle typewriter iPhone direct trade artisan pickled. Tumeric flexitarian disrupt, sriracha keytar kickstarter gentrify waistcoat helvetica mlkshk iPhone. Yuccie kogi crucifix ethical.</p>",
        "button_text": "please",
        "button_target": null
    }
},
{
    "model": "home.homepage",
    "pk": 3,
    "fields": {
        "main_title": "Every news site should be secure.",
        "sub_title": "It's critical for both journalists and readers.",
        "how_header": "Switching to HTTPS is easier than ever",
        "why_header": "Encryption protects your readers",
        "how_body": "Blah blah",
        "why_body": "Blah blah"
    }
}
]
